title,Final song title,version,titleStripped,automatedFinalTitle,finalTitleComparison,automatedVersion,versionComparison
3 Chains Of Gold 1 @95,,1,3 chains of gold,3 chains of gold,previously missing,3.0,Different
80's Prom Night - v10 clean verse 14,Prom Night,10,80's prom night,80's prom night,Different,80.0,Different
80's Prom Night - v11 - vpiano whimsy,Prom Night,11,80's prom night,80's prom night,Different,80.0,Different
80's Prom Night - v5,Prom Night,5,80's prom night,80's prom night,Different,80.0,Different
80's Prom Night - v7 jake verse,Prom Night,7,80's prom night,80's prom night,Different,80.0,Different
80's Prom Night - v8 - v7th chords,Prom Night,8,80's prom night,80's prom night,Different,80.0,Different
80's Prom Night - v9 - v50s piano,Prom Night,9,80's prom night,80's prom night,Different,80.0,Different
80's Prom Night 12,Prom Night,12,80's prom night,80's prom night,Different,80.0,Different
A Boat on the Sea - v4,A Boat on the Sea,4,a boat on the sea,a boat on the sea,Match,4.0,match
A Few Screws Lucy 1 @116 +1 BD Sitek,The End of the Game,1,a few screws lucy,a few screws lucy,Different,1.0,match
A Few Screws Lucy 2 fire bridge @111 +1 BD Sitek,The End of the Game,2,a few screws lucy,a few screws lucy,Different,2.0,match
A Little Help Here 2 @112,,2,a little help here,a little help here,previously missing,2.0,match
About Last Night 1 @62,,1,about last night,about last night,previously missing,1.0,match
About Last Night 2 Dusty Break AJ @63,,2,about last night,about last night,previously missing,2.0,match
Adventure 2@120,High Hopes,2,adventure,adventure,Different,2.0,match
Ain't Got Nobody - v18,Ain't Got Nobody,18,ain't got nobody,ain't got nobody,Match,18.0,match
Ain't Got Nobody - v19,Ain't Got Nobody,19,ain't got nobody,ain't got nobody,Match,19.0,match
Ain't Got Nobody - v20,Ain't Got Nobody,20,ain't got nobody,ain't got nobody,Match,20.0,match
Ain't Got Nobody - v21,Ain't Got Nobody,21,ain't got nobody,ain't got nobody,Match,21.0,match
Ain't Got Nobody - v22,Ain't Got Nobody,22,ain't got nobody,ain't got nobody,Match,22.0,match
Ain't Got Nobody - v23,Ain't Got Nobody,23,ain't got nobody,ain't got nobody,Match,23.0,match
Ain't Got Nobody - v24,Ain't Got Nobody,24,ain't got nobody,ain't got nobody,Match,24.0,match
Ain't Got Nobody - v3,Ain't Got Nobody,3,ain't got nobody,ain't got nobody,Match,3.0,match
Ain't Got Nobody - v5,Ain't Got Nobody,5,ain't got nobody,ain't got nobody,Match,5.0,match
Ain't Got Nobody - v6,Ain't Got Nobody,6,ain't got nobody,ain't got nobody,Match,6.0,match
Ain't Got Nobody - v7,Ain't Got Nobody,7,ain't got nobody,ain't got nobody,Match,7.0,match
Ain't Got Nobody - v8,Ain't Got Nobody,8,ain't got nobody,ain't got nobody,Match,8.0,match
All About You 1 Looks Like it's Gonna Rain @118,,1,all about you,all about you,previously missing,1.0,match
All About You 2 Looks Like it's Gonna Rain AG @120,,2,all about you,all about you,previously missing,2.0,match
Alligator 1 Cricket AG @80,,1,alligator,alligator,previously missing,1.0,match
Alligator 1 Nirvana AG @91,,1,alligator,alligator,previously missing,1.0,match
Alligator 2 AH @81,,2,alligator,alligator,previously missing,2.0,match
Alligator 3 @82,,3,alligator,alligator,previously missing,3.0,match
Alligator 4 first pre @82,,4,alligator,alligator,previously missing,4.0,match
Alligator 5 short verse @80,,5,alligator,alligator,previously missing,5.0,match
Alligator 5 short verses @82,,5,alligator,alligator,previously missing,5.0,match
Almost Beautiful 1 AO @ 109 -1,,1,almost beautiful,almost beautiful,previously missing,1.0,match
Almost Beautiful 10 ab @126 +0,,10,almost beautiful,almost beautiful,previously missing,10.0,match
Almost Beautiful 10 ab @126 +0 HOOK,,10,almost beautiful,almost beautiful,previously missing,10.0,match
Almost Beautiful 12 aaba @126 +0,,12,almost beautiful,almost beautiful,previously missing,12.0,match
Almost Beautiful 13 IH hook @140 +1,,13,almost beautiful,almost beautiful,previously missing,13.0,match
Almost Beautiful 14 melo hook @126 +1,,14,almost beautiful,almost beautiful,previously missing,14.0,match
Almost Beautiful 15 lyric hook @138 +1,,15,almost beautiful,almost beautiful,previously missing,15.0,match
Almost Beautiful 17 @138 +1,,17,almost beautiful,almost beautiful,previously missing,17.0,match
Almost Beautiful 18 allegemo verse @138 +2,,18,almost beautiful,almost beautiful,previously missing,18.0,match
Almost Beautiful 19 bass and dbl chorus @130 +2,,19,almost beautiful,almost beautiful,previously missing,19.0,match
Almost Beautiful 2 AO @ 109 -1,,2,almost beautiful,almost beautiful,previously missing,2.0,match
Almost Beautiful 2 Happy Now @125,,2,almost beautiful,almost beautiful,previously missing,2.0,match
Almost Beautiful 20 pre @130 +2,,20,almost beautiful,almost beautiful,previously missing,20.0,match
Almost Beautiful 21 pre lyrics @132 +2,,21,almost beautiful,almost beautiful,previously missing,21.0,match
Almost Beautiful 22 short pre @134 +2,,22,almost beautiful,almost beautiful,previously missing,22.0,match
Almost Beautiful 23 cha cha @137 +2,,23,almost beautiful,almost beautiful,previously missing,23.0,match
Almost Beautiful 3 Happy Now @125,,3,almost beautiful,almost beautiful,previously missing,3.0,match
Almost Beautiful 4 verse melo @ 109,,4,almost beautiful,almost beautiful,previously missing,4.0,match
Almost Beautiful 5 verse melo @109 +0,,5,almost beautiful,almost beautiful,previously missing,5.0,match
Almost Beautiful 7 penny arcade @110 +2,,7,almost beautiful,almost beautiful,previously missing,7.0,match
Almost Beautiful 8 bjorn @125 +2,,8,almost beautiful,almost beautiful,previously missing,8.0,match
Almost Beautiful 9 glasto @125,,9,almost beautiful,almost beautiful,previously missing,9.0,match
"Angela, 28 1 bongoloop AJ @85",Any Friend of Diane's,1,"angela,","angela,",Different,28.0,Different
"Angela, 28 2 bongoloop AJ @82",Any Friend of Diane's,2,"angela,","angela,",Different,28.0,Different
"Angela, 28 3 bongoloop AJ @82",Any Friend of Diane's,3,"angela,","angela,",Different,28.0,Different
Anonymous - v11,Anonymous,11,anonymous,anonymous,Match,11.0,match
Anonymous - v12,Anonymous,12,anonymous,anonymous,Match,12.0,match
Anonymous - v13,Anonymous,13,anonymous,anonymous,Match,13.0,match
Anonymous - v14,Anonymous,14,anonymous,anonymous,Match,14.0,match
Anonymous - v14 2,Anonymous,14,anonymous,anonymous,Match,14.0,match
Anonymous - v15,Anonymous,15,anonymous,anonymous,Match,15.0,match
Anonymous - v16,Anonymous,16,anonymous,anonymous,Match,16.0,match
Anonymous - v18,Anonymous,18,anonymous,anonymous,Match,18.0,match
Anonymous - v19,Anonymous,19,anonymous,anonymous,Match,19.0,match
Anonymous - v2,Anonymous,2,anonymous,anonymous,Match,2.0,match
Anonymous - v20,Anonymous,20,anonymous,anonymous,Match,20.0,match
Anonymous - v21,Anonymous,21,anonymous,anonymous,Match,21.0,match
Anonymous - v22,Anonymous,22,anonymous,anonymous,Match,22.0,match
Anonymous - v23,Anonymous,23,anonymous,anonymous,Match,23.0,match
Anonymous - v24,Anonymous,24,anonymous,anonymous,Match,24.0,match
Anonymous - v25,Anonymous,25,anonymous,anonymous,Match,25.0,match
Anonymous - v26,Anonymous,26,anonymous,anonymous,Match,26.0,match
Anonymous - v27,Anonymous,27,anonymous,anonymous,Match,27.0,match
Anonymous - v28,Anonymous,28,anonymous,anonymous,Match,28.0,match
Anonymous - v30,Anonymous,30,anonymous,anonymous,Match,30.0,match
Anonymous - v6,Anonymous,6,anonymous,anonymous,Match,6.0,match
Anonymous - v7,Anonymous,7,anonymous,anonymous,Match,7.0,match
Anonymous - v8,Anonymous,8,anonymous,anonymous,Match,8.0,match
Any Friend Of Diane's 1 bong AJ @92,Any Friend of Diane's,1,any friend of diane's,any friend of diane's,Match,1.0,match
Any Friend of Diane's 10 verse tweaks @88,Any Friend of Diane's,10,any friend of diane's,any friend of diane's,Match,10.0,match
Any Friend of Diane's 12 short verse dirty hands @90,Any Friend of Diane's,12,any friend of diane's,any friend of diane's,Match,12.0,match
Any Friend Of Diane's 2 AJ @89,Any Friend of Diane's,2,any friend of diane's,any friend of diane's,Match,2.0,match
Any Friend of Diane's 3 angela verse @90,Any Friend of Diane's,3,any friend of diane's,any friend of diane's,Match,3.0,match
Any Friend of Diane's 4 angela verse @90,Any Friend of Diane's,4,any friend of diane's,any friend of diane's,Match,4.0,match
Any Friend of Diane's 6 three verses @88,Any Friend of Diane's,6,any friend of diane's,any friend of diane's,Match,6.0,match
Any Friend of Diane's 7 og melody @88,Any Friend of Diane's,7,any friend of diane's,any friend of diane's,Match,7.0,match
Any Friend of Diane's 8 welcome verse @89,Any Friend of Diane's,8,any friend of diane's,any friend of diane's,Match,8.0,match
Any Friend of Diane's 9 dominos verse @89,Any Friend of Diane's,9,any friend of diane's,any friend of diane's,Match,9.0,match
Apples And Oranges 1 AN @59,,1,apples and oranges,apples and oranges,previously missing,1.0,match
as hot as it gets 4 @126,,4,as hot as it gets,as hot as it gets,previously missing,4.0,match
as hot as it gets 5 @128,,5,as hot as it gets,as hot as it gets,previously missing,5.0,match
Attention Deficit Disorder 2,Attention Deficit Disorder,2,attention deficit disorder,attention deficit disorder,Match,2.0,match
Attention Deficit Disorder 3,Attention Deficit Disorder,3,attention deficit disorder,attention deficit disorder,Match,3.0,match
Awaken Early - v2 @118 melody,Summer Elaine and Drunk Dori,2,awaken early,awaken early,Different,2.0,match
Awaken Early - v4 @118 90s dance,Summer Elaine and Drunk Dori,4,awaken early,awaken early,Different,4.0,match
BA 7,,7,ba,ba,previously missing,7.0,match
Ballsy 2 2,Mexican Fender,2,ballsy,ballsy,Different,2.0,match
Bayou 1 @112 -5 AX 15,,1,bayou,bayou,previously missing,1.0,match
Beach Boys 6 acoustic @ 99,Beach Boys,6,beach boys,beach boys,Match,6.0,match
Beach Boys 7 post lyric @ 99,Beach Boys,7,beach boys,beach boys,Match,7.0,match
Beatle That We Loved The Most 21,Eulogy For A Rock Band,21,beatle that we loved the most,beatle that we loved the most,Different,21.0,match
Beautiful Lies - v2 @126,Beautiful Lies,2,beautiful lies,beautiful lies,Match,2.0,match
Beautiful Lies 3 tweaked chorus melody @128,Weekend Woman,3,beautiful lies,beautiful lies,Different,3.0,match
Beautiful Lies 4 INST @64,Weekend Woman,4,beautiful lies,beautiful lies,Different,4.0,match
Beautiful Lies 4 no drums @64,Weekend Woman,4,beautiful lies,beautiful lies,Different,4.0,match
Bedroom Eyes 2 tap tap AI @61.5,Two Broken Hearts,2,bedroom eyes,bedroom eyes,Different,2.0,match
Bedroom Eyes 5 8ths @123,Two Broken Hearts,5,bedroom eyes,bedroom eyes,Different,5.0,match
Bells In My Head - v2 weezered,Bells In My Head,2,bells in my head,bells in my head,Match,2.0,match
Bender 1 @79,,1,bender,bender,previously missing,1.0,match
Bender 15 summer memories @79 -1,,15,bender,bender,previously missing,15.0,match
Bender 16 refined @79 -1,,16,bender,bender,previously missing,16.0,match
Bender 17 drop @79 -1,,17,bender,bender,previously missing,17.0,match
Bender 18 verse lyrics @80 -1,,18,bender,bender,previously missing,18.0,match
Bender 2 @79.mp3,,2,bender,bender,previously missing,2.0,match
Binoculars 5,Binoculars,5,binoculars,binoculars,Match,5.0,match
Binoculars 7,Binoculars,7,binoculars,binoculars,Match,7.0,match
Black White And Blue 1 @120 +1 AY 9,,1,black white and blue,black white and blue,previously missing,1.0,match
Black White And Blue 2 @120 +1 AY 14,,2,black white and blue,black white and blue,previously missing,2.0,match
Black White and Blue 4 @ 120 +1,,4,black white and blue,black white and blue,previously missing,4.0,match
Black White and Blue 5 @ 120 +1,,5,black white and blue,black white and blue,previously missing,5.0,match
Black White and Blue 8 same chords @ 120 +1,,8,black white and blue,black white and blue,previously missing,8.0,match
Black White and Blue 8 same chords @ 120 +1-1,,8,black white and blue,black white and blue,previously missing,8.0,match
Bless The Whole Wide World - v10,Bless the Whole Wide World,10,bless the whole wide world,bless the whole wide world,Match,10.0,match
Bless The Whole Wide World - v11,Bless the Whole Wide World,11,bless the whole wide world,bless the whole wide world,Match,11.0,match
Bless The Whole Wide World - v12,Bless The Whole Wide World,12,bless the whole wide world,bless the whole wide world,Match,12.0,match
Bless The Whole Wide World - v12 2,Bless the Whole Wide World,12,bless the whole wide world,bless the whole wide world,Match,12.0,match
Bless The Whole Wide World - v8,Bless the Whole Wide World,8,bless the whole wide world,bless the whole wide world,Match,8.0,match
Bless The Whole Wide World - v9,Bless the Whole Wide World,9,bless the whole wide world,bless the whole wide world,Match,9.0,match
Bless The Whole Wide World 13 aku @107,Bless The Whole Wide World,13,bless the whole wide world,bless the whole wide world,Match,13.0,match
Bless The Whole World - v5,Bless the Whole Wide World,5,bless the whole world,bless the whole world,Different,5.0,match
Bless The Whole World - v7,Bless the Whole Wide World,7,bless the whole world,bless the whole world,Different,7.0,match
Bless The Whole World 4,Bless The Whole Wide World,4,bless the whole world,bless the whole world,Different,4.0,match
Bone On Bone 1,Bone On Bone,1,bone on bone,bone on bone,Match,1.0,match
Bone On Bone 3,Bone On Bone,3,bone on bone,bone on bone,Match,3.0,match
Bone On Bone 4,Bone On Bone,4,bone on bone,bone on bone,Match,4.0,match
Bone On Bone 5,Bone on Bone,5,bone on bone,bone on bone,Match,5.0,match
Bone On Bone 5,Bone On Bone,5,bone on bone,bone on bone,Match,5.0,match
Boy On Fire 1 AW @78 +3,,1,boy on fire,boy on fire,previously missing,1.0,match
Broken Man 1 @ 92,,1,broken man,broken man,previously missing,1.0,match
Broken Man 2 @ 92,,2,broken man,broken man,previously missing,2.0,match
Broken Man 3 @ 92,,3,broken man,broken man,previously missing,3.0,match
Broken Man 4 @ 92,,4,broken man,broken man,previously missing,4.0,match
California Snow 1 sluggish playboy @134,California Snow,1,california snow,california snow,Match,1.0,match
California Snow 2 sluggish playboy @71,California Snow,2,california snow,california snow,Match,2.0,match
California Snow 21 vocals @75 +4 32 bars,California Snow,21,california snow,california snow,Match,21.0,match
Call The Police 4,Call The Police - v4,4,call the police,call the police,Different,4.0,match
Call The Police 7,Call The Police,7,call the police,call the police,Match,7.0,match
Can't Find You 3,End of the Game,3,can't find you,can't find you,Different,3.0,match
Can't Knock The Hustle 1 @100 -2 AZ 17,Can't Knock the Hustle,1,can't knock the hustle,can't knock the hustle,Match,1.0,match
Can't Knock The Hustle 2 @100 -2 AZ 19,Can't Knock the Hustle,2,can't knock the hustle,can't knock the hustle,Match,2.0,match
Can't Knock The Hustle 2 @100 -2 AZ 19-1,Can't Knock the Hustle,2,can't knock the hustle,can't knock the hustle,Match,2.0,match
Cassandra 2 @124,,2,cassandra,cassandra,previously missing,2.0,match
Charlie Brown - v3,Charlie Brown,3,charlie brown,charlie brown,Match,3.0,match
Cleopatra - v10,Cleopatra,10,cleopatra,cleopatra,Match,10.0,match
Cleopatra - v11,Cleopatra,11,cleopatra,cleopatra,Match,11.0,match
Cleopatra - v12,Cleopatra,12,cleopatra,cleopatra,Match,12.0,match
Cleopatra - v12 1,Cleopatra,12,cleopatra,cleopatra,Match,12.0,match
Cleopatra - v14,Cleopatra,14,cleopatra,cleopatra,Match,14.0,match
Cleopatra - v15,Cleopatra,15,cleopatra,cleopatra,Match,15.0,match
Cleopatra - v16,Cleopatra,16,cleopatra,cleopatra,Match,16.0,match
Cleopatra - v17,Cleopatra,17,cleopatra,cleopatra,Match,17.0,match
Cleopatra - v18,Cleopatra,18,cleopatra,cleopatra,Match,18.0,match
Cleopatra - v19,Cleopatra,19,cleopatra,cleopatra,Match,19.0,match
Cleopatra - v20 no bridge,Cleopatra,20,cleopatra,cleopatra,Match,20.0,match
Cleopatra - v21,Cleopatra,21,cleopatra,cleopatra,Match,21.0,match
Cleopatra - v22,Cleopatra,22,cleopatra,cleopatra,Match,22.0,match
Cleopatra - v23 - verse chords,Cleopatra,23,cleopatra,cleopatra,Match,23.0,match
Cleopatra - v24 og,Cleopatra,24,cleopatra,cleopatra,Match,24.0,match
Cleopatra - v25,Cleopatra,25,cleopatra,cleopatra,Match,25.0,match
Cleopatra - v26,Cleopatra,26,cleopatra,cleopatra,Match,26.0,match
Cleopatra - v27,Cleopatra,27,cleopatra,cleopatra,Match,27.0,match
Cleopatra - v28,Cleopatra,28,cleopatra,cleopatra,Match,28.0,match
Cleopatra - v29,Cleopatra,29,cleopatra,cleopatra,Match,29.0,match
Cleopatra - v33,Cleopatra,33,cleopatra,cleopatra,Match,33.0,match
Cleopatra - v7,Cleopatra,7,cleopatra,cleopatra,Match,7.0,match
Cleopatra - v8,Cleopatra,8,cleopatra,cleopatra,Match,8.0,match
Cloudy day 391,Cloudy Day,39,cloudy day,cloudy day,Match,391.0,Different
Codependent - v10,Codependent,10,codependent,codependent,Match,10.0,match
Codependent - v11 slower,Codependent,11,codependent,codependent,Match,11.0,match
Codependent - v12,Codependent,12,codependent,codependent,Match,12.0,match
Codependent - v13,Codependent,13,codependent,codependent,Match,13.0,match
Codependent - v14,Codependent,14,codependent,codependent,Match,14.0,match
Codependent - v2,Codependent,2,codependent,codependent,Match,2.0,match
Codependent - v3,Codependent,3,codependent,codependent,Match,3.0,match
Codependent - v5,Codependent,5,codependent,codependent,Match,5.0,match
Codependent - v6,Codependent,6,codependent,codependent,Match,6.0,match
Codependent - v7,Codependent,7,codependent,codependent,Match,7.0,match
Codependent - v8,Codependent,8,codependent,codependent,Match,8.0,match
Codependent - v9,Codependent,9,codependent,codependent,Match,9.0,match
crane @124 2,,2,crane,crane,previously missing,124.0,Different
crazy impossible days 3,,3,crazy impossible days,crazy impossible days,previously missing,3.0,match
crazy pulloff riff 2,,2,crazy pulloff riff,crazy pulloff riff,previously missing,2.0,match
Crazy Rock and Rollers 2,,2,crazy rock and rollers,crazy rock and rollers,previously missing,2.0,match
Crazy Rock 'n Rollers 3,Crazy Rock 'n Rollers,3,crazy rock 'n rollers,crazy rock 'n rollers,Match,3.0,match
Dirty Hands 2 ACE OF SPADES drum stem (timpani) @ 94,Any Friend of Diane's,2,dirty hands,dirty hands,Different,2.0,match
Do What Is Best For You 3,Do What is Best for You,3,do what is best for you,do what is best for you,Match,3.0,match
Do You Wanna Get High 1,Do You Wanna Get High,1,do you wanna get high,do you wanna get high,Match,1.0,match
Do You Wanna Get High 2,Do You Wanna Get High,2,do you wanna get high,do you wanna get high,Match,2.0,match
Do You Want To Get High - v11 new bri,Do You Wanna Get High,11,do you want to get high,do you want to get high,Different,11.0,match
Do You Want To Get High - v13 never tired,Do You Wanna Get High,13,do you want to get high,do you want to get high,Different,13.0,match
Do You Want To Get High - v14 alt cho,Do You Wanna Get High,14,do you want to get high,do you want to get high,Different,14.0,match
Do You Want To Get High - v15 alt cho,Do You Wanna Get High,15,do you want to get high,do you want to get high,Different,15.0,match
Do You Want To Get High - v8 1,Do You Wanna Get High,8,do you want to get high,do you want to get high,Different,8.0,match
Do You Want To Get High - v9 jake,Do You Wanna Get High,9,do you want to get high,do you want to get high,Different,9.0,match
Do You Want To Get High 8,Do You Wanna Get High,8,do you want to get high,do you want to get high,Different,8.0,match
Does Anybody Love Anybody - v10 NO D,LA Girlz,10,does anybody love anybody,does anybody love anybody,Different,10.0,match
Does Anybody Love Anybody - v10 RIP @,LA Girlz,10,does anybody love anybody,does anybody love anybody,Different,10.0,match
Does Anybody Love Anybody - v11 meet,LA Girlz,11,does anybody love anybody,does anybody love anybody,Different,11.0,match
Does Anybody Love Anybody - v11 NO D,LA Girlz,11,does anybody love anybody,does anybody love anybody,Different,11.0,match
Does Anybody Love Anybody - v8 bridge sped up,LA Girlz,8,does anybody love anybody,does anybody love anybody,Different,8.0,match
Does Anybody Love Anybody - v9 bridge w/ extended piano intro,LA Girlz,9,does anybody love anybody,does anybody love anybody,Different,9.0,match
"Does Anybody Love Anybody - v9 Bridge, Sped Up, Acoustic & Electric",LA Girlz,9,does anybody love anybody,does anybody love anybody,Different,9.0,match
Does Anybody Love Anybody - v9 Clip N instrumental,LA Girlz,9,does anybody love anybody,does anybody love anybody,Different,9.0,match
Don't Give It up 1 beast drum AG @90,,1,don't give it up,don't give it up,previously missing,1.0,match
Don't Give It Up 3,Summer Elaine and Drunk Dori,3,don't give it up,don't give it up,Different,3.0,match
Don't Go Gentle - v1,Don't Go Gentle,1,don't go gentle,don't go gentle,Match,1.0,match
Don't Go Hulk 1 @ 120,,1,don't go hulk,don't go hulk,previously missing,1.0,match
Don't Mess With My Girl - v2,Don't Mess With My Girl,2,don't mess with my girl,don't mess with my girl,Match,2.0,match
Don't Mess With My Girl - v26,Don't Mess With My Girl,26,don't mess with my girl,don't mess with my girl,Match,26.0,match
Don't Mess With My Girl - v29,Don't Mess With My Girl,29,don't mess with my girl,don't mess with my girl,Match,29.0,match
Don't Mess With My Girl - v3,Don't Mess With My Girl,3,don't mess with my girl,don't mess with my girl,Match,3.0,match
Don't Mess With My Girl - v30,Don't Mess With My Girl,30,don't mess with my girl,don't mess with my girl,Match,30.0,match
Don't Show Us Your Body - v7 Instr,Don't Show Us Your Body,7,don't show us your body,don't show us your body,Match,7.0,match
E C# techo riff 2 chorus 2,It's Been So Long,2,e c# techo riff,e c# techo riff,Different,2.0,match
East Coast Or West Coast - v2,East Coast or West Coast,2,east coast or west coast,east coast or west coast,Match,2.0,match
East Coast Or West Coast - v3,East Coast or West Coast,3,east coast or west coast,east coast or west coast,Match,3.0,match
East Coast Or West Coast - v4,East Coast or West Coast,4,east coast or west coast,east coast or west coast,Match,4.0,match
East Coast Or West Coast - v4 No,East Coast or West Coast,4,east coast or west coast,east coast or west coast,Match,4.0,match
East Coast Or West Coast - v5 - vPa,East Coast or West Coast,5,east coast or west coast,east coast or west coast,Match,5.0,match
El Presidente 5,El Presidente,5,el presidente,el presidente,Match,5.0,match
El Presidente 6,El Presidente,6,el presidente,el presidente,Match,6.0,match
Empty Inside - v10,Empty Inside,10,empty inside,empty inside,Match,10.0,match
Empty Inside - v10 1,Empty Inside,10,empty inside,empty inside,Match,10.0,match
Empty Inside - v5,Empty Inside,5,empty inside,empty inside,Match,5.0,match
Empty Inside - v6,Empty Inside,6,empty inside,empty inside,Match,6.0,match
Empty Inside - v7,Empty Inside,7,empty inside,empty inside,Match,7.0,match
Empty Inside - v8,Empty Inside,8,empty inside,empty inside,Match,8.0,match
Empty Inside - v9,Empty Inside,9,empty inside,empty inside,Match,9.0,match
Empty Inside 10,Empty Inside,10,empty inside,empty inside,Match,10.0,match
Empty Nest - v6,Empty Nest,6,empty nest,empty nest,Match,6.0,match
Empty Nest - v7,Empty Nest,7,empty nest,empty nest,Match,7.0,match
Empty Nest - v8,Empty Nest,8,empty nest,empty nest,Match,8.0,match
Empty Nest - v8 1,Empty Nest,8,empty nest,empty nest,Match,8.0,match
Everybody Needs Salvation - v11,Everybody Needs Salvation,11,everybody needs salvation,everybody needs salvation,Match,11.0,match
Everybody Needs Salvation - v14,Everybody Needs Salvation,14,everybody needs salvation,everybody needs salvation,Match,14.0,match
Everybody Needs Salvation - v2,Everybody Needs Salvation,2,everybody needs salvation,everybody needs salvation,Match,2.0,match
Everybody Needs Salvation - v2 1,Everybody Needs Salvation,2,everybody needs salvation,everybody needs salvation,Match,2.0,match
Everybody Needs Salvation - v3,Everybody Needs Salvation,3,everybody needs salvation,everybody needs salvation,Match,3.0,match
Everyone Knows 8,Everyone Knows,8,everyone knows,everyone knows,Match,8.0,match
Exonerate Me - v4,Exonerate Me,4,exonerate me,exonerate me,Match,4.0,match
Exonerate Me - v5,Exonerate Me,5,exonerate me,exonerate me,Match,5.0,match
Exonerate Me - v6,Exonerate Me,6,exonerate me,exonerate me,Match,6.0,match
Exonerate Me - v6 1,Exonerate Me,6,exonerate me,exonerate me,Match,6.0,match
Expatriate In LA 7,Expatriates In Paris,7,expatriate in la,expatriate in la,Different,7.0,match
Expatriate In LA 8,Expatriates In Paris,8,expatriate in la,expatriate in la,Different,8.0,match
Expatriates In Paris 1,Expatriates In Paris,1,expatriates in paris,expatriates in paris,Match,1.0,match
Expatriates In Paris 10,Expatriates In Paris,10,expatriates in paris,expatriates in paris,Match,10.0,match
Expatriates In Paris 10 1,Expatriates In Paris,10,expatriates in paris,expatriates in paris,Match,10.0,match
Expatriates In Paris 11,Expatriates In Paris,11,expatriates in paris,expatriates in paris,Match,11.0,match
Expatriates In Paris 2 we be,Expatriates In Paris,2,expatriates in paris,expatriates in paris,Match,2.0,match
Expatriates In Paris 4,Expatriates In Paris,4,expatriates in paris,expatriates in paris,Match,4.0,match
Expatriates In Paris 5,Expatriates In Paris,5,expatriates in paris,expatriates in paris,Match,5.0,match
Expatriates In Paris 6,Expatriates In Paris,6,expatriates in paris,expatriates in paris,Match,6.0,match
Expatriates In Paris 9,Expatriates In Paris,9,expatriates in paris,expatriates in paris,Match,9.0,match
Fair Weather Friend - v6,Fair Weather Friend,6,fair weather friend,fair weather friend,Match,6.0,match
Fair Weather Friend - v7,Fair Weather Friend,7,fair weather friend,fair weather friend,Match,7.0,match
Fair Weather Friend - v8,Fair Weather Friend,8,fair weather friend,fair weather friend,Match,8.0,match
Fair Weather Friends - v5,Fair Weather Friend,5,fair weather friends,fair weather friends,Different,5.0,match
Fake Smiles - v4,Fake Smiles and Nervous Laughter,4,fake smiles,fake smiles,Different,4.0,match
Fake Smiles And Nervous Laughter - v5,Fake Smiles and Nervous Laughter,5,fake smiles and nervous laughter,fake smiles and nervous laughter,Match,5.0,match
Fake Smiles And Nervous Laughter - v6,Fake Smiles and Nervous Laughter,6,fake smiles and nervous laughter,fake smiles and nervous laughter,Match,6.0,match
Fake Smiles And Nervous Laughter - v7,Fake Smiles and Nervous Laughter,7,fake smiles and nervous laughter,fake smiles and nervous laughter,Match,7.0,match
Fake Smiles And Nervous Laughter - v8,Fake Smiles and Nervous Laughter,8,fake smiles and nervous laughter,fake smiles and nervous laughter,Match,8.0,match
Fan Fiction 1 AS master_pw @86,,1,fan fiction,fan fiction,previously missing,1.0,match
Finish Line 3,,3,finish line,finish line,previously missing,3.0,match
Four Leaf Clover 10,Four Leaf Clover,10,four leaf clover,four leaf clover,Match,10.0,match
Four Leaf Clover 8,Four Leaf Clover,8,four leaf clover,four leaf clover,Match,8.0,match
Four Leaf Clover 9,Four Leaf Clover,9,four leaf clover,four leaf clover,Match,9.0,match
Freak Flag - v5,Freak Flag,5,freak flag,freak flag,Match,5.0,match
Freak Flag - v6,Freak Flag,6,freak flag,freak flag,Match,6.0,match
Freak Flag - v7,Freak Flag,7,freak flag,freak flag,Match,7.0,match
Freak Flag - v8,Freak Flag,8,freak flag,freak flag,Match,8.0,match
Freaky Flag - v4,Freak Flag,4,freaky flag,freaky flag,Different,4.0,match
Friday Feeling 1 voice AI @99,Medicine for Melancholy,1,friday feeling,friday feeling,Different,1.0,match
Friday Feeling 10 insecure @102,Medicine for Melancholy,10,friday feeling,friday feeling,Different,10.0,match
Friday Feeling 12 dumdiddy.heyman.medicine @104,Medicine for Melancholy,12,friday feeling,friday feeling,Different,12.0,match
Friday Feeling 12 dumdiddy.heyman.medicine @104 VOCALS,,12,friday feeling,friday feeling,previously missing,12.0,match
Friday Feeling 13 minor verse @104,Medicine for Melancholy,13,friday feeling,friday feeling,Different,13.0,match
Friday Feeling 13 someone single @104,Medicine for Melancholy,13,friday feeling,friday feeling,Different,13.0,match
Friday Feeling 14 I ii I V verse @104,Medicine for Melancholy,14,friday feeling,friday feeling,Different,14.0,match
Friday Feeling 15 verse two @104,Medicine for Melancholy,15,friday feeling,friday feeling,Different,15.0,match
Friday Feeling 16 half choruses @104,Medicine for Melancholy,16,friday feeling,friday feeling,Different,16.0,match
Friday Feeling 17 pre lyric @104,Medicine for Melancholy,17,friday feeling,friday feeling,Different,17.0,match
Friday Feeling 22 reggae @102,Medicine for Melancholy,22,friday feeling,friday feeling,Different,22.0,match
Friday Feeling 23 cleanriff @100,Medicine for Melancholy,23,friday feeling,friday feeling,Different,23.0,match
Friday Feeling 24 post @100,Medicine for Melancholy,24,friday feeling,friday feeling,Different,24.0,match
Friday Feeling 25 fits @100,Medicine for Melancholy,25,friday feeling,friday feeling,Different,25.0,match
Friday Feeling 3 @101,Medicine for Melancholy,3,friday feeling,friday feeling,Different,3.0,match
Friday Feeling 4 @101,Medicine for Melancholy,4,friday feeling,friday feeling,Different,4.0,match
Friday Feeling 5 @102,Medicine for Melancholy,5,friday feeling,friday feeling,Different,5.0,match
Friday Feeling 6 thinned verse @102,Medicine for Melancholy,6,friday feeling,friday feeling,Different,6.0,match
Friday Feeling 7 summer is here @102,Medicine for Melancholy,7,friday feeling,friday feeling,Different,7.0,match
Get Me Mine - v2,Get Me Mine,2,get me mine,get me mine,Match,2.0,match
Ghetto Owl 2 @128,,2,ghetto owl,ghetto owl,previously missing,2.0,match
Ghost 2 @125 melody,Byzantine,2,ghost,ghost,Different,2.0,match
Girl We Got A Good Thing - v15 sketch,(Girl We Got A) Good Thing,15,girl we got a good thing,girl we got a good thing,Different,15.0,match
Girl We Got A Good Thing - v16,(Girl We Got A) Good Thing,16,girl we got a good thing,girl we got a good thing,Different,16.0,match
Girl We Got A Good Thing - v17 cross,(Girl We Got A) Good Thing,17,girl we got a good thing,girl we got a good thing,Different,17.0,match
Go Get It 3,,3,go get it,go get it,previously missing,3.0,match
Good Times 4,All This Love,4,good times,good times,Different,4.0,match
Good Times 5 verses @102,All This Love,5,good times,good times,Different,5.0,match
Good Times 5 verses @102,All This Love,5,good times,good times,Different,5.0,match
Gravity Will Bring You Down - v10,Gravity Will Bring You Down,10,gravity will bring you down,gravity will bring you down,Match,10.0,match
Gravity Will Bring You Down - v11,Gravity Will Bring You Down,11,gravity will bring you down,gravity will bring you down,Match,11.0,match
Gravity Will Bring You Down - v11 1,Gravity Will Bring You Down,11,gravity will bring you down,gravity will bring you down,Match,11.0,match
Gravity Will Bring You Down - v12,Gravity Will Bring You Down,12,gravity will bring you down,gravity will bring you down,Match,12.0,match
Gravity Will Bring You Down - v13,Gravity Will Bring You Down,13,gravity will bring you down,gravity will bring you down,Match,13.0,match
Gravity Will Bring You Down - v3,Gravity Will Bring You Down,3,gravity will bring you down,gravity will bring you down,Match,3.0,match
Gravity Will Bring You Down - v6,Gravity Will Bring You Down,6,gravity will bring you down,gravity will bring you down,Match,6.0,match
Gravity Will Bring You Down - v7,Gravity Will Bring You Down,7,gravity will bring you down,gravity will bring you down,Match,7.0,match
Gravity Will Bring You Down - v8,Gravity Will Bring You Down,8,gravity will bring you down,gravity will bring you down,Match,8.0,match
Gravity Will Bring You Down - v9,Gravity Will Bring You Down,9,gravity will bring you down,gravity will bring you down,Match,9.0,match
Gravity Will Bring You Down 13,Gravity Will Bring You Down,13,gravity will bring you down,gravity will bring you down,Match,13.0,match
Gravity's Gon' Bring You Down - v5,Gravity Will Bring You Down,5,gravity's gon' bring you down,gravity's gon' bring you down,Different,5.0,match
groovin alanis 2 @105,,2,groovin alanis,groovin alanis,previously missing,2.0,match
Guiding Light 4 verse @131 -1,,4,guiding light,guiding light,previously missing,4.0,match
Guiding Light 5 verse @131 -1,,5,guiding light,guiding light,previously missing,5.0,match
Guiding Light 6 swear to god bridge @131 -1,Guiding Light,6,guiding light,guiding light,Match,6.0,match
Guiding Light chorus 3 drums @131,,3,guiding light chorus,guiding light chorus,previously missing,3.0,match
Guiding Light chorus 7 builds @131 -1,Guiding Light,7,guiding light chorus,guiding light chorus,Different,7.0,match
Guiding Light chorus 8 square verse @131 -1,Guiding Light,8,guiding light chorus,guiding light chorus,Different,8.0,match
gun it 1 @62.5,,1,gun it,gun it,previously missing,1.0,match
gun it 11 new chords @ 62.5,,11,gun it,gun it,previously missing,11.0,match
gun it 3 @ 62.5,,3,gun it,gun it,previously missing,3.0,match
gun it 4 @ 62.5,,4,gun it,gun it,previously missing,4.0,match
gun it 6 @ 62.5,,6,gun it,gun it,previously missing,6.0,match
gun it 7 alt verse @ 62.5,,7,gun it,gun it,previously missing,7.0,match
gun it 8 lyrics @ 62.5,,8,gun it,gun it,previously missing,8.0,match
gun it 9 lyric tweaks and bass @ 62.5,,9,gun it,gun it,previously missing,9.0,match
Happiness 1 AV @97 +1,,1,happiness,happiness,previously missing,1.0,match
Happy Anniversary 8 @160 vocals,,8,happy anniversary,happy anniversary,previously missing,8.0,match
Happy Now 5 rc @125,,5,happy now,happy now,previously missing,5.0,match
Happy To be sad 4 @100,,4,happy to be sad,happy to be sad,previously missing,4.0,match
Hawaii - v5,Hawaii,5,hawaii,hawaii,Match,5.0,match
Hawaii - v6,Hawaii,6,hawaii,hawaii,Match,6.0,match
Hawaii - v7,Hawaii,7,hawaii,hawaii,Match,7.0,match
Hawaii 9,Hawaii,9,hawaii,hawaii,Match,9.0,match
Heart Of Hearts 8 @129 vocals,,8,heart of hearts,heart of hearts,previously missing,8.0,match
Her Name Is Kaylee 2 @119,J is for Joy,2,her name is kaylee,her name is kaylee,Different,2.0,match
Her Name Is Kaylee 3 @119,J is for Joy,3,her name is kaylee,her name is kaylee,Different,3.0,match
Her Name Is Kaylee 5 verse @120,J is for Joy,5,her name is kaylee,her name is kaylee,Different,5.0,match
Her Name Is Kaylee 6 double post @120,J is for Joy,6,her name is kaylee,her name is kaylee,Different,6.0,match
Here Comes The Rain 16 impossible @112 +5,Here Comes the Rain,16,here comes the rain,here comes the rain,Match,16.0,match
Hey Nonbeliever - v2,Hey Nonbeliever,2,hey nonbeliever,hey nonbeliever,Match,2.0,match
Hey Nonbeliever 3,Two Broken Hearts,3,hey nonbeliever,hey nonbeliever,Different,3.0,match
Hey Nonbeliever 4,Two Broken Hearts,4,hey nonbeliever,hey nonbeliever,Different,4.0,match
Hey Youngster 2 @80,Beginning of the End,2,hey youngster,hey youngster,Different,2.0,match
Higgs Boson - v1,Higgs Boson,1,higgs boson,higgs boson,Match,1.0,match
Higgs Boson - v2,Higgs Boson,2,higgs boson,higgs boson,Match,2.0,match
Higgs Boson - v3,Higgs Boson,3,higgs boson,higgs boson,Match,3.0,match
Higgs Boson - v4,Higgs Boson,4,higgs boson,higgs boson,Match,4.0,match
Higgs Boson - v5,Higgs Boson,5,higgs boson,higgs boson,Match,5.0,match
High As A Kite 1 @85 +5 AZ 13,High as a Kite,1,high as a kite,high as a kite,Match,1.0,match
High As A Kite 1 @86 +5 AZ 13,High as a Kite,1,high as a kite,high as a kite,Match,1.0,match
High as A Kite 2 @63,High as a Kite,2,high as a kite,high as a kite,Match,2.0,match
High as a Kite AZ 3 second verse @85 +5,High as a Kite,3,high as a kite az,high as a kite az,Different,3.0,match
High as a Kite AZ 4 verse chords @86 +5,High as a Kite,4,high as a kite az,high as a kite az,Different,4.0,match
High as a Kite AZ 5 vocals @86 +5 25 bars,High as a Kite,5,high as a kite az,high as a kite az,Different,5.0,match
High Hopes - v14,High Hopes,14,high hopes,high hopes,Match,14.0,match
High Hopes 3,Mexican Fender,3,high hopes,high hopes,Different,3.0,match
High of 69 2 @94,I Can't Find The Words,2,high of,high of,Different,69.0,Different
High of 69 3@80,I Can't Find The Words,3,high of,high of,Different,69.0,Different
Higher Than The Sky 3 @100,I Can't Find The Words,3,higher than the sky,higher than the sky,Different,3.0,match
Hippies - v5,Hippies,5,hippies,hippies,Match,5.0,match
Hippies - v6,Hippies,6,hippies,hippies,Match,6.0,match
Hippies - v7,Hippies,7,hippies,hippies,Match,7.0,match
Hippies - v8,Hippies,8,hippies,hippies,Match,8.0,match
Hulk 2 verse melody @ 120,,2,hulk,hulk,previously missing,2.0,match
Hulk 3 my buddy verse melody @ 120,,3,hulk,hulk,previously missing,3.0,match
Hulk 4 chateau @ 120,,4,hulk,hulk,previously missing,4.0,match
Hulk 5 verse 2 @ 60.5,,5,hulk,hulk,previously missing,5.0,match
hummingbird 4 @63,,4,hummingbird,hummingbird,previously missing,4.0,match
I Am An Indian - v2,Do You Wanna Get High,2,i am an indian,i am an indian,Different,2.0,match
I Am An Indian - v4,Do You Wanna Get High,4,i am an indian,i am an indian,Different,4.0,match
I Can't Find The Words - v10 phrases,I Can't Find The Words,10,i can't find the words,i can't find the words,Match,10.0,match
I Can't Find The Words 4,I Can't Find The Words,4,i can't find the words,i can't find the words,Match,4.0,match
I Can't Find The Words 6 high of,I Can't Find The Words,6,i can't find the words,i can't find the words,Match,6.0,match
I Can't Find The Words 6 verse vo,I Can't Find The Words,6,i can't find the words,i can't find the words,Match,6.0,match
I Can't Find The Words 9 bridge @1,I Can't Find The Words,9,i can't find the words,i can't find the words,Match,9.0,match
I Can't Forget the Way 2,Byzantine,2,i can't forget the way,i can't forget the way,Different,2.0,match
I Don't Feel Enough 2,All This Love,2,i don't feel enough,i don't feel enough,Different,2.0,match
I Don't Feel Enough 2,,2,i don't feel enough,i don't feel enough,previously missing,2.0,match
I fn lonely as shit 11 marimba @102 +3,,11,i fn lonely as shit,i fn lonely as shit,previously missing,11.0,match
I Got Everything That I Need - v3 sketch,,3,i got everything that i need,i got everything that i need,previously missing,3.0,match
I like 3,,3,i like,i like,previously missing,3.0,match
I Need You 2 @129,I Need You,2,i need you,i need you,Match,2.0,match
I See Colors 4 @97 -2,I See Colors,4,i see colors,i see colors,Match,4.0,match
i see colors 5 with me @97 -2,I See Colors,5,i see colors,i see colors,Match,5.0,match
i see colors 7 solo @97 -2,,7,i see colors,i see colors,previously missing,7.0,match
I See Colors 8 lonely at the top @97 -2,I See Colors,8,i see colors,i see colors,Match,8.0,match
I Sing To Myself 4,Do You Wanna Get High?,4,i sing to myself,i sing to myself,Different,4.0,match
I Still Can't Figure It out 2 @92,I Still Can't Figure It Out,2,i still can't figure it out,i still can't figure it out,Match,2.0,match
I Swear To God 1 AW @118 -4,,1,i swear to god,i swear to god,previously missing,1.0,match
I Want You To Notice Me - v3 sketch,The Best Things in Life,3,i want you to notice me,i want you to notice me,Different,3.0,match
I Want you To Notice me 2,The Best Thing In Life,2,i want you to notice me,i want you to notice me,Different,2.0,match
I Wish I Could Autotune My Face - v2,I Wish I Could Autotune My Face,2,i wish i could autotune my face,i wish i could autotune my face,Match,2.0,match
I Wish I Could Autotune My Face - v3,I Wish I Could Autotune My Face,3,i wish i could autotune my face,i wish i could autotune my face,Match,3.0,match
I Wish I Could Autotune My Face - v4,I Wish I Could Autotune My Face,4,i wish i could autotune my face,i wish i could autotune my face,Match,4.0,match
I Wish I Could Autotune My Face - v5,I Wish I Could Autotune My Face,5,i wish i could autotune my face,i wish i could autotune my face,Match,5.0,match
I Wish I Could Autotune My Face - v6,I Wish I Could Autotune My Face,6,i wish i could autotune my face,i wish i could autotune my face,Match,6.0,match
I Wish I Could Autotune My Face - v8,I Wish I Could Autotune My Face,8,i wish i could autotune my face,i wish i could autotune my face,Match,8.0,match
I Won't Flake On You - v5,I Won't Let You Down,5,i won't flake on you,i won't flake on you,Different,5.0,match
I Won't Flake On You - v6,I Won't Let You Down,6,i won't flake on you,i won't flake on you,Different,6.0,match
I Won't Let You Down - v2,I Won't Let You Down,2,i won't let you down,i won't let you down,Match,2.0,match
I Won't Let You Down - v3,I Won't Let You Down,3,i won't let you down,i won't let you down,Match,3.0,match
I Won't Let You Down - v4,I Won't Let You Down,4,i won't let you down,i won't let you down,Match,4.0,match
I Won't Let You Down - v4 1,I Won't Let You Down,4,i won't let you down,i won't let you down,Match,4.0,match
I Won't Let You Down - v7,I Won't Let You Down,7,i won't let you down,i won't let you down,Match,7.0,match
I Won't Let You Down - v8,,8,i won't let you down,i won't let you down,previously missing,8.0,match
I Won't Let You Down - v8 1,I Won't Let You Down,8,i won't let you down,i won't let you down,Match,8.0,match
I Won't Let You Down 8,I Won't Let You Down,8,i won't let you down,i won't let you down,Match,8.0,match
If It's Only In Your Head 15 new lyrics @160 +2,,15,if it's only in your head,if it's only in your head,previously missing,15.0,match
If It's Only In Your Head 17 tweaks @160 +2,,17,if it's only in your head,if it's only in your head,previously missing,17.0,match
I'll Be With Someone Else - v2,All This Love,2,i'll be with someone else,i'll be with someone else,Different,2.0,match
I'll Be With Someone Else - v2 1,All This Love,2,i'll be with someone else,i'll be with someone else,Different,2.0,match
I'll Be With Someone Else - v2 2,All This Love,2,i'll be with someone else,i'll be with someone else,Different,2.0,match
I'll Be With Someone Else - v3,All This Love,3,i'll be with someone else,i'll be with someone else,Different,3.0,match
I'll Love You Every Day 10 bridge,I'll Love You Every Day,10,i'll love you every day,i'll love you every day,Match,10.0,match
I'll Love You Every Day 11 no drum,I'll Love You Every Day,11,i'll love you every day,i'll love you every day,Match,11.0,match
I'll Love You Every Day 3b Scratch,I'll Love You Every Day,3b,i'll love you every day,i'll love you every day,Match,3.0,match
I'll Love You Every Day 8 @68,I'll Love You Every Day,8,i'll love you every day,i'll love you every day,Match,8.0,match
I'll Love You Every Day 9 verses,I'll Love You Every Day,9,i'll love you every day,i'll love you every day,Match,9.0,match
I'll Swallow Poison On Sunday 1 @97 -2,I See Colors,1,i'll swallow poison on sunday,i'll swallow poison on sunday,Different,1.0,match
I'll Swallow Poison On Sunday 1 @97 -2,I See Colors,1,i'll swallow poison on sunday,i'll swallow poison on sunday,Different,1.0,match
I'm a Pretender 2 @165,I'm a Pretender,2,i'm a pretender,i'm a pretender,Match,2.0,match
I'm Going Swimming With You 2 @133,,2,i'm going swimming with you,i'm going swimming with you,previously missing,2.0,match
i'm on the outside 6 1,I'm On The Outside,6,i'm on the outside,i'm on the outside,Match,6.0,match
Indian Snowflake 3,Lost And Found,3,indian snowflake,indian snowflake,Different,3.0,match
Indian Snowflake 4,Lost And Found,4,indian snowflake,indian snowflake,Different,4.0,match
Indian Summer 1 @118,,1,indian summer,indian summer,previously missing,1.0,match
Indian Summer 1 AI @116,,1,indian summer,indian summer,previously missing,1.0,match
Indian Summer 2 AI swing @116,,2,indian summer,indian summer,previously missing,2.0,match
Indian Summer 2 Gun It AG01 @118,,2,indian summer,indian summer,previously missing,2.0,match
Inspired 10,Inspired,10,inspired,inspired,Match,10.0,match
Inspired 7,Inspired,7,inspired,inspired,Match,7.0,match
Inspired 8,Inspired,8,inspired,inspired,Match,8.0,match
Is This What They Call Love 1 @135 +4,J is for Joy,1,is this what they call love,is this what they call love,Different,1.0,match
It Feels Like Summer 2 @160,It Feels Like Summer,2,it feels like summer,it feels like summer,Match,2.0,match
It Holds Me Together 2,,2,it holds me together,it holds me together,previously missing,2.0,match
It's Been So Long 4,,4,it's been so long,it's been so long,previously missing,4.0,match
It's Not the Same As It Was 12 second verse @118 -1,Two Broken Hearts,12,it's not the same as it was,it's not the same as it was,Different,12.0,match
It's Not the Same As It Was 13 tweaks @118 -1,Two Broken Hearts,13,it's not the same as it was,it's not the same as it was,Different,13.0,match
It's Not the Same As It Was 14 bass & gtr @115 -1,Two Broken Hearts,14,it's not the same as it was,it's not the same as it was,Different,14.0,match
It's Not the Same As It Was 15 production @117 -1,Two Broken Hearts,15,it's not the same as it was,it's not the same as it was,Different,15.0,match
It's Not the Same As It Was 16 tweaks @117 -1,Two Broken Hearts,16,it's not the same as it was,it's not the same as it was,Different,16.0,match
It's Not the Same As It Was 18 @118 -1,Two Broken Hearts,18,it's not the same as it was,it's not the same as it was,Different,18.0,match
It's Not the Same As It Was 7 trip verse melo @118 -1,Two Broken Hearts,7,it's not the same as it was,it's not the same as it was,Different,7.0,match
It's Not the Same As It Was 9 libs @118 -1,Two Broken Hearts,9,it's not the same as it was,it's not the same as it was,Different,9.0,match
It's Only In Your Head 19 kickin back @160 +2,,19,it's only in your head,it's only in your head,previously missing,19.0,match
J Is For Joy 1 @135 +4,J is for Joy,1,j is for joy,j is for joy,Match,1.0,match
J Is For Joy 2 piano @135 +4,J is for Joy,2,j is for joy,j is for joy,Match,2.0,match
J Is For Joy 3 bridge key heart @135 +4,J is for Joy,3,j is for joy,j is for joy,Match,3.0,match
j is for joy 4 you and me bridge @135 +4,J is for Joy,4,j is for joy,j is for joy,Match,4.0,match
J Is For Joy 6 discovered @135 +4,J is for Joy,6,j is for joy,j is for joy,Match,6.0,match
Johnny Clash 3 i know that you want me @70,,3,johnny clash,johnny clash,previously missing,3.0,match
Johnny Clash 3 weezered @ 185,Johnny Clash,3,johnny clash,johnny clash,Match,3.0,match
Johnny Clash 6 toothpick bridge @1,Johnny Clash,6,johnny clash,johnny clash,Match,6.0,match
Johnny Clash 7 bridge vox @180,Johnny Clash,7,johnny clash,johnny clash,Match,7.0,match
June Bride 10,Mexican Fender,10,june bride,june bride,Different,10.0,match
June Bride 15,Mexican Fender,15,june bride,june bride,Different,15.0,match
June Bride 16,Mexican Fender,16,june bride,june bride,Different,16.0,match
June Bride 2 i know that you want me @65,Mexican Fender,2,june bride,june bride,Different,2.0,match
Keep Your Pants On 3,,3,keep your pants on,keep your pants on,previously missing,3.0,match
Let's Get Married - v3,Let's Get Married,3,let's get married,let's get married,Match,3.0,match
Let's Get Married 2,Let's Get Married,2,let's get married,let's get married,Match,2.0,match
Let's Get Married 2013,Let's Get Married,20,let's get married,let's get married,Match,2013.0,Different
Let's Go To The 33rd Dimension - v 10,Let's Go to the 33rd Dimension,1,let's go to the,let's go to the,Different,33.0,Different
Let's Go To The 33rd Dimension - v3,Let's Go to the 33rd Dimension,3,let's go to the,let's go to the,Different,33.0,Different
Let's Go To The 33rd Dimension - v5,Let's Go to the 33rd Dimension,5,let's go to the,let's go to the,Different,33.0,Different
Let's Go To The 33rd Dimension - v6,Let's Go to the 33rd Dimension,6,let's go to the,let's go to the,Different,33.0,Different
Let's Go To The 33rd Dimension - v7,Let's Go to the 33rd Dimension,7,let's go to the,let's go to the,Different,33.0,Different
Let's Go To The 33rd Dimension - v8 1,Let's Go to the 33rd Dimension,8,let's go to the,let's go to the,Different,33.0,Different
Let's Go To The 33rd Dimension - v8 2,Let's Go to the 33rd Dimension,8,let's go to the,let's go to the,Different,33.0,Different
Let's Go To The 33rd Dimension - v9,Let's Go to the 33rd Dimension,9,let's go to the,let's go to the,Different,33.0,Different
Let's Go to the 33rd Dimenson - v8,Let's Go to the 33rd Dimension,8,let's go to the,let's go to the,Different,33.0,Different
Let's Keep It Platonic 2,,2,let's keep it platonic,let's keep it platonic,previously missing,2.0,match
Let's Keep It Platonic 2,Fake Smiles and Nervous Laughter,2,let's keep it platonic,let's keep it platonic,Different,2.0,match
Little Do They Know 1 SB @84 -5,Little do they Know,1,little do they know,little do they know,Match,1.0,match
Little Do They Know 2 piano @88 -5,Little do they Know,2,little do they know,little do they know,Match,2.0,match
little do they know 3 bridge whip it @88 -5,Little do they Know,3,little do they know,little do they know,Match,3.0,match
Little Do They Know 4 hi sky @89 -5,Little do they Know,4,little do they know,little do they know,Match,4.0,match
Living In Harmony 2b @118,Living In Harmony,2b,living in harmony,living in harmony,Match,2.0,match
Lost And Found 7,Lost And Found,7,lost and found,lost and found,Match,7.0,match
Lost And Found 8,Lost And Found,8,lost and found,lost and found,Match,8.0,match
Lost And Found 8 1,Lost And Found,8,lost and found,lost and found,Match,8.0,match
Love Me - v2,Love Me,2,love me,love me,Match,2.0,match
Love Me - v3,Love Me,3,love me,love me,Match,3.0,match
Love Me - v4,Love Me,4,love me,love me,Match,4.0,match
Love Me - v4 1,Love Me,4,love me,love me,Match,4.0,match
Loveable Loser 2 @100,,2,loveable loser,loveable loser,previously missing,2.0,match
Loveable Loser 3 @100,,3,loveable loser,loveable loser,previously missing,3.0,match
Loveable Loser 4 all ideas @100,,4,loveable loser,loveable loser,previously missing,4.0,match
Make Some Noise For That 2 --1 6 3 b6 5 piano @64,,2,make some noise for that,make some noise for that,previously missing,2.0,match
Make Some Noise For That 3 --1 6 3 b6 5 piano @64,,3,make some noise for that,make some noise for that,previously missing,3.0,match
Make Some Noise For That 4 verse @64,,4,make some noise for that,make some noise for that,previously missing,4.0,match
Maybe that Wasn't Such A Good Idea 5 @100,,5,maybe that wasn't such a good idea,maybe that wasn't such a good idea,previously missing,5.0,match
Me Time 3,Fake Smiles and Nervous Laughter,3,me time,me time,Different,3.0,match
Meat Town 2 @115,,2,meat town,meat town,previously missing,2.0,match
Medicine 3,Medicine,3,medicine,medicine,Match,3.0,match
Medicine 4,Medicine,4,medicine,medicine,Match,4.0,match
Medicine 7,Medicine,7,medicine,medicine,Match,7.0,match
Medicine 8,Medicine,8,medicine,medicine,Match,8.0,match
Meet Up With Our Maker - v10,Meet Up With Our Maker,10,meet up with our maker,meet up with our maker,Match,10.0,match
Meet Up With Our Maker - v4,Meet Up With Our Maker,4,meet up with our maker,meet up with our maker,Match,4.0,match
Meet Up With Our Maker - v5,Meet Up With Our Maker,5,meet up with our maker,meet up with our maker,Match,5.0,match
Meet Up With Our Maker - v7,Meet Up With Our Maker,7,meet up with our maker,meet up with our maker,Match,7.0,match
Meet Up With Our Maker - v9,Meet Up With Our Maker,9,meet up with our maker,meet up with our maker,Match,9.0,match
Meet Up With Our Maker 10,Meet Up With Our Maker,10,meet up with our maker,meet up with our maker,Match,10.0,match
Metropolis 3,,3,metropolis,metropolis,previously missing,3.0,match
Minor Grand Melody 1,,1,minor grand melody,minor grand melody,previously missing,1.0,match
Minor Grand Melody 2 Chord Idea,,2,minor grand melody,minor grand melody,previously missing,2.0,match
Moan Man 2,,2,moan man,moan man,previously missing,2.0,match
Movies 2 Tight Black Dress,,2,movies,movies,previously missing,2.0,match
Movies And Ice Cream 1 @118,,1,movies and ice cream,movies and ice cream,previously missing,1.0,match
my day 2 @155 nothing like the feeling,,2,my day,my day,previously missing,2.0,match
Narcissus Blooming 3,Garden of Eden,3,narcissus blooming,narcissus blooming,Different,3.0,match
No Bars - v10,No Bars,10,no bars,no bars,Match,10.0,match
No Bars - v11,No Bars,11,no bars,no bars,Match,11.0,match
No Bars - v12,No Bars,12,no bars,no bars,Match,12.0,match
No Bars - v13,No Bars,13,no bars,no bars,Match,13.0,match
No Bars - v3,No Bars,3,no bars,no bars,Match,3.0,match
No Bars - v4,No Bars,4,no bars,no bars,Match,4.0,match
No Bars - v6,No Bars,6,no bars,no bars,Match,6.0,match
No Bars - v7,No Bars,7,no bars,no bars,Match,7.0,match
No Bars - v8,No Bars,8,no bars,no bars,Match,8.0,match
No Bars - v9,No Bars,9,no bars,no bars,Match,9.0,match
not in the mood 2012-06-21_11-10,,20,not in the mood,not in the mood,previously missing,2012.0,Different
Ode to Whine 2,,2,ode to whine,ode to whine,previously missing,2.0,match
One Second of Weez - v3 instrumental,One Second of Weez,3,one second of weez,one second of weez,Match,3.0,match
People Watcher 3,Fake Smiles and Nervous Laughter,3,people watcher,people watcher,Different,3.0,match
peppermint 2 @159,,2,peppermint,peppermint,previously missing,2.0,match
peppermint 7 @160,Peppermint,7,peppermint,peppermint,Match,7.0,match
Piece Of Cake 1 @79 AQ,Piece of Cake,1,piece of cake,piece of cake,Match,1.0,match
Piece of Cake 10 talky @82 +1,Piece of Cake,10,piece of cake,piece of cake,Match,10.0,match
Piece of Cake 11 @82 -3,Piece of Cake,11,piece of cake,piece of cake,Match,11.0,match
piece of cake 12 zip @82 +0,Piece of Cake,12,piece of cake,piece of cake,Match,12.0,match
Piece of Cake 13 long verse melo @84 +2,Piece of Cake,13,piece of cake,piece of cake,Match,13.0,match
Piece of Cake 14 no verse voc @84 +2,Piece of Cake,14,piece of cake,piece of cake,Match,14.0,match
Piece of Cake 15 vocals @84 +2 20 bars,Piece of Cake,15,piece of cake,piece of cake,Match,15.0,match
Piece of Cake 18 @82 +0,Piece of Cake,18,piece of cake,piece of cake,Match,18.0,match
Piece of Cake 19 v3 short chorus @82 +0,Piece of Cake,19,piece of cake,piece of cake,Match,19.0,match
Piece of Cake 21 prod @83 +0,Piece of Cake,21,piece of cake,piece of cake,Match,21.0,match
Piece of Cake 22 tag @83 +0,Piece of Cake,22,piece of cake,piece of cake,Match,22.0,match
Piece of Cake 4 verse melo @ 79 -3,Piece of Cake,4,piece of cake,piece of cake,Match,4.0,match
Piece of Cake 5 verse lyrics @79 -3,Piece of Cake,5,piece of cake,piece of cake,Match,5.0,match
Piece of Cake 7 @79 -3,Piece of Cake,7,piece of cake,piece of cake,Match,7.0,match
Piece of Cake 8 @79 -3,Piece of Cake,8,piece of cake,piece of cake,Match,8.0,match
Piece of Cake 9 @79 -3,Piece of Cake,9,piece of cake,piece of cake,Match,9.0,match
Point Blank Range 8,,8,point blank range,point blank range,previously missing,8.0,match
Prom Night 13,Prom Night,13,prom night,prom night,Match,13.0,match
Prom Night 17,Prom Night,17,prom night,prom night,Match,17.0,match
PW Major 7 2 @93 melody,,2,pw major,pw major,previously missing,7.0,Different
QB Blitz 1 @100,QB Blitz,1,qb blitz,qb blitz,Match,1.0,match
QB Blitz 11 music box @102,QB Blitz,11,qb blitz,qb blitz,Match,11.0,match
QB Blitz 13 @102,QB Blitz,13,qb blitz,qb blitz,Match,13.0,match
QB Blitz 3 drums @99,QB Blitz,3,qb blitz,qb blitz,Match,3.0,match
QB Blitz 4 verse @98,QB Blitz,4,qb blitz,qb blitz,Match,4.0,match
QB Blitz 5 lyric tweaks @98,QB Blitz,5,qb blitz,qb blitz,Match,5.0,match
QB Blitz 6 soft @98,QB Blitz,6,qb blitz,qb blitz,Match,6.0,match
QB Blitz 8 weezer @101,QB Blitz,8,qb blitz,qb blitz,Match,8.0,match
QB Blitz 9 qb bridge @101,QB Blitz,9,qb blitz,qb blitz,Match,9.0,match
Quick Picture 10,Quick Picture,10,quick picture,quick picture,Match,10.0,match
Quick Picture 4,Quick Picture,4,quick picture,quick picture,Match,4.0,match
Quick Picture 9,Quick Picture,9,quick picture,quick picture,Match,9.0,match
Rave Up - v3 pro sketch,Rave Up,3,rave up,rave up,Match,3.0,match
rave up 4 @117,Wild at Heart,4,rave up,rave up,Different,4.0,match
Real Life Friend - v10 edit,Real Life Friend,10,real life friend,real life friend,Match,10.0,match
Real Life Friend - v11,Real Life Friend,11,real life friend,real life friend,Match,11.0,match
Real Life Friend - v5,Real Life Friend,5,real life friend,real life friend,Match,5.0,match
Real Life Friend - v6,Real Life Friend,6,real life friend,real life friend,Match,6.0,match
Real Life Friend - v7,Real Life Friend,7,real life friend,real life friend,Match,7.0,match
Real Life Friend - v8,Real Life Friend,8,real life friend,real life friend,Match,8.0,match
Real Life Friend - v9,Real Life Friend,9,real life friend,real life friend,Match,9.0,match
Remember Prom Night 14,Prom Night,14,remember prom night,remember prom night,Different,14.0,match
Remember Prom Night 15 bridge lyri,Prom Night,15,remember prom night,remember prom night,Different,15.0,match
Remember Prom Night 16 OG verse ch,Prom Night,16,remember prom night,remember prom night,Different,16.0,match
Rest In Peace - v17,Rest in Peace,17,rest in peace,rest in peace,Match,17.0,match
Rest In Peace - v18,Rest in Peace,18,rest in peace,rest in peace,Match,18.0,match
Rest In Peace - v20,Rest in Peace,20,rest in peace,rest in peace,Match,20.0,match
Rest In Peace - v21,Rest in Peace,21,rest in peace,rest in peace,Match,21.0,match
Rest In Peace - v21 1,Rest in Peace,21,rest in peace,rest in peace,Match,21.0,match
Rest In Peace - v23,Rest in Peace,23,rest in peace,rest in peace,Match,23.0,match
Resurgum Fidei - v2,Resurgum Fidei,2,resurgum fidei,resurgum fidei,Match,2.0,match
Resurrection - v1,Resurrection,1,resurrection,resurrection,Match,1.0,match
Return to Ithaca - v3,Return to Ithaka,3,return to ithaca,return to ithaca,Different,3.0,match
Rock Star 23,Eulogy For A Rock Band,23,rock star,rock star,Different,23.0,match
Rock Star 24,Eulogy For A Rock Band,24,rock star,rock star,Different,24.0,match
Running Red Lights 10 bgv1 @98 +2,,10,running red lights,running red lights,previously missing,10.0,match
Running Red Lights 10 bgv2 @98 +2,,10,running red lights,running red lights,previously missing,10.0,match
Running Red Lights 10 bgv3 @98 +2,,10,running red lights,running red lights,previously missing,10.0,match
Running Red Lights 10 dbl vox @98 +2,,10,running red lights,running red lights,previously missing,10.0,match
Running Red Lights 10 lead vox @98 +2,,10,running red lights,running red lights,previously missing,10.0,match
Sammy and Robby 1 AU @75 +1,,1,sammy and robby,sammy and robby,previously missing,1.0,match
Sammy and Robby 2 AU @76 +1,,2,sammy and robby,sammy and robby,previously missing,2.0,match
Santa Monica - v3 instrumental,Santa Monica,3,santa monica,santa monica,Match,3.0,match
Second Best Hugger In The World - v1,,1,second best hugger in the world,second best hugger in the world,previously missing,1.0,match
Second Best Hugger In The World - v1 1,Second Best Hugger In The World,1,second best hugger in the world,second best hugger in the world,Match,1.0,match
Second Best Hugger In The World - v1 2,Second Best Hugger In The World,1,second best hugger in the world,second best hugger in the world,Match,1.0,match
Second Best Hugger In The World - v1 3,Second Best Hugger In The World,1,second best hugger in the world,second best hugger in the world,Match,1.0,match
Second Best Hugger In The World - v13 cleaned @160 +3,Second Best Hugger In The World,13,second best hugger in the world,second best hugger in the world,Match,13.0,match
Second Best Hugger In The World - v14 lyrics @160 +3,Second Best Hugger In The World,14,second best hugger in the world,second best hugger in the world,Match,14.0,match
Second Best Hugger In The World - v2,Second Best Hugger In The World,2,second best hugger in the world,second best hugger in the world,Match,2.0,match
Second Best Hugger In The World - v3,Second Best Hugger In The World,3,second best hugger in the world,second best hugger in the world,Match,3.0,match
Second Best Hugger In The World - v4,Second Best Hugger In The World,4,second best hugger in the world,second best hugger in the world,Match,4.0,match
Second Best Hugger In The World - v6,Second Best Hugger In The World,6,second best hugger in the world,second best hugger in the world,Match,6.0,match
Second Best Hugger In The World - v7,Second Best Hugger In The World,7,second best hugger in the world,second best hugger in the world,Match,7.0,match
Second Best Hugger In The World - v8,Second Best Hugger In The World,8,second best hugger in the world,second best hugger in the world,Match,8.0,match
Second Best Hugger In The World - v9,Second Best Hugger In The World,9,second best hugger in the world,second best hugger in the world,Match,9.0,match
Second Best Hugger In The World 11,Second Best Hugger In The World,1,second best hugger in the world,second best hugger in the world,Match,11.0,Different
"See You, Feel You - v2","See You, Feel You",2,"see you, feel you","see you, feel you",Match,2.0,match
She Has A Way With Words - v3,She Has A Way With Words,3,she has a way with words,she has a way with words,Match,3.0,match
She Has A Way With Words - v5 strum,She Has A Way With Words,5,she has a way with words,she has a way with words,Match,5.0,match
She Has A Way With Words - v6 ABA,She Has A Way With Words,6,she has a way with words,she has a way with words,Match,6.0,match
She Has A Way With Words - v8,She Has A Way With Words,8,she has a way with words,she has a way with words,Match,8.0,match
She Makes Me Laugh - v2 @67 girl to,She Makes Me Laugh,2,she makes me laugh,she makes me laugh,Match,2.0,match
She Makes Me Laugh - v3 @67 verses,She Makes Me Laugh,3,she makes me laugh,she makes me laugh,Match,3.0,match
She Makes Me Laugh - v4 @134 OG verse,She Makes Me Laugh,4,she makes me laugh,she makes me laugh,Match,4.0,match
She's Just A Girl - v4 @130,,4,she's just a girl,she's just a girl,previously missing,4.0,match
she's just a girl 4 @130,She's Just A Girl,4,she's just a girl,she's just a girl,Match,4.0,match
Shining Star 10,Eulogy For A Rock Band,10,shining star,shining star,Different,10.0,match
Shining Star 11,Eulogy For A Rock Band,11,shining star,shining star,Different,11.0,match
Shining Star 12,Eulogy For A Rock Band,12,shining star,shining star,Different,12.0,match
Shining Star 13,Eulogy For A Rock Band,13,shining star,shining star,Different,13.0,match
Shining Star 14,Eulogy For A Rock Band,14,shining star,shining star,Different,14.0,match
Shining Star 15,Eulogy For A Rock Band,15,shining star,shining star,Different,15.0,match
Shining Star 16,Eulogy For A Rock Band,16,shining star,shining star,Different,16.0,match
Shining Star 9,Eulogy For A Rock Band,9,shining star,shining star,Different,9.0,match
Shining Stars 8,Eulogy For A Rock Band,8,shining stars,shining stars,Different,8.0,match
Show Me That Again 2,Show Me That Again,2,show me that again,show me that again,Match,2.0,match
Simple To Me - v5,Simple to Me,5,simple to me,simple to me,Match,5.0,match
Simple To Me - v6,Simple to Me,6,simple to me,simple to me,Match,6.0,match
Simple To Me - v7,Simple to Me,7,simple to me,simple to me,Match,7.0,match
Simple To Me - v7 chorus @99 +1 actually 11 ish,Simple to Me,7,simple to me,simple to me,Match,7.0,match
Simple to Me - v8,Simple to Me,8,simple to me,simple to me,Match,8.0,match
Simple To Me - v8 1,Simple to Me,8,simple to me,simple to me,Match,8.0,match
Since You Came Around - v10,Since You Came Around,10,since you came around,since you came around,Match,10.0,match
Since You Came Around - v15,Since You Came Around,15,since you came around,since you came around,Match,15.0,match
Since You Came Around 14,Jacked Up,14,since you came around,since you came around,Different,14.0,match
Sing My Blues - v1,Sing My Blues Away,1,sing my blues,sing my blues,Different,1.0,match
Sing My Blues Away - v10,Sing My Blues Away,10,sing my blues away,sing my blues away,Match,10.0,match
Sing My Blues Away - v11,Sing My Blues Away,11,sing my blues away,sing my blues away,Match,11.0,match
Sing My Blues Away - v12,Sing My Blues Away,12,sing my blues away,sing my blues away,Match,12.0,match
Sing My Blues Away - v13,Sing My Blues Away,13,sing my blues away,sing my blues away,Match,13.0,match
Sing My Blues Away - v13 1,Sing My Blues Away,13,sing my blues away,sing my blues away,Match,13.0,match
Sing My Blues Away - v14,Sing My Blues Away,14,sing my blues away,sing my blues away,Match,14.0,match
Sing My Blues Away - v2,Sing My Blues Away,2,sing my blues away,sing my blues away,Match,2.0,match
Sing My Blues Away - v3,Sing My Blues Away,3,sing my blues away,sing my blues away,Match,3.0,match
Sing My Blues Away - v4,Sing My Blues Away,4,sing my blues away,sing my blues away,Match,4.0,match
Sing My Blues Away - v5,Sing My Blues Away,5,sing my blues away,sing my blues away,Match,5.0,match
Sing My Blues Away - v6,Sing My Blues Away,6,sing my blues away,sing my blues away,Match,6.0,match
Sing My Blues Away - v7,Sing My Blues Away,7,sing my blues away,sing my blues away,Match,7.0,match
Sing My Blues Away - v8,Sing My Blues Away,8,sing my blues away,sing my blues away,Match,8.0,match
Sing My Blues Away 15,Sing My Blues Away,15,sing my blues away,sing my blues away,Match,15.0,match
Sing My Blues Away 16 No Drums,Sing My Blues Away,16,sing my blues away,sing my blues away,Match,16.0,match
So Far So Good 1 @89,,1,so far so good,so far so good,previously missing,1.0,match
So Far So Good 2 @89.mp3,,2,so far so good,so far so good,previously missing,2.0,match
something special 1 @101,,1,something special,something special,previously missing,1.0,match
something special 2 @102,,2,something special,something special,previously missing,2.0,match
something special 3 verse @102,,3,something special,something special,previously missing,3.0,match
something special 4 I thought I lay @102,,4,something special,something special,previously missing,4.0,match
something special 5 above sea level @102,,5,something special,something special,previously missing,5.0,match
something special 6 broken verse @102,,6,something special,something special,previously missing,6.0,match
Sorrowful Essence 3@118,,3,sorrowful essence,sorrowful essence,previously missing,3.0,match
soundcheck riff techno 2 chorus,,2,soundcheck riff techno,soundcheck riff techno,previously missing,2.0,match
Sports Team - v6,Sports Team,6,sports team,sports team,Match,6.0,match
Sports Team - v7,Sports Team,7,sports team,sports team,Match,7.0,match
sports team 8 riff,Sports Team,8,sports team,sports team,Match,8.0,match
St. George - v2,The Ballad of St. George,2,st. george,st. george,Different,2.0,match
St. George - v3 Additional Ch,The Ballad of St. George,3,st. george,st. george,Different,3.0,match
St. George - v4,The Ballad of St. George,4,st. george,st. george,Different,4.0,match
St. George - v6,The Ballad of St. George,6,st. george,st. george,Different,6.0,match
St. George - v8,The Ballad of St. George,8,st. george,st. george,Different,8.0,match
Stand By My Side - v3,Stand By My Side,3,stand by my side,stand by my side,Match,3.0,match
Still Dreaming 3 @66.6667 -6 to -3,Still Dreaming,3,still dreaming,still dreaming,Match,3.0,match
Still Dreaming 3 @66.6667 -6 to -3-1,Still Dreaming,3,still dreaming,still dreaming,Match,3.0,match
still dreaming 4 @67 -6 to -3,Still Dreaming,4,still dreaming,still dreaming,Match,4.0,match
Still Dreaming 5 solo @67 -6 to -3,Still Dreaming,5,still dreaming,still dreaming,Match,5.0,match
Stop Comparing Me To Him 1 @78 -3 BF 7,,1,stop comparing me to him,stop comparing me to him,previously missing,1.0,match
stop comparing me to him 2 @113,,2,stop comparing me to him,stop comparing me to him,previously missing,2.0,match
stop comparing me to him 2 @113,,2,stop comparing me to him,stop comparing me to him,previously missing,2.0,match
Stop Comparing Me To Him 2 chorus first @78 -3 BF 11,,2,stop comparing me to him,stop comparing me to him,previously missing,2.0,match
Stop Comparing Me To Him 3 Piano chorus first @78 -3 BF 11,,3,stop comparing me to him,stop comparing me to him,previously missing,3.0,match
Stop Comparing Me To Him 4 Piano chorus first @78 -3 BF 11,,4,stop comparing me to him,stop comparing me to him,previously missing,4.0,match
Subjective 1,Subjective,1,subjective,subjective,Match,1.0,match
Subjective 2 take out so,Subjective,2,subjective,subjective,Match,2.0,match
Subjective 3,Subjective,3,subjective,subjective,Match,3.0,match
Subjective 4,Subjective,4,subjective,subjective,Match,4.0,match
Such A Long Way To Heaven 10,Such A Long Way To Heaven,10,such a long way to heaven,such a long way to heaven,Match,10.0,match
Summer Elaine - v6 lyrics @118,Summer Elaine and Drunk Dori,6,summer elaine,summer elaine,Different,6.0,match
Summer Elaine and Drunk Dori 3 @11,,3,summer elaine and drunk dori,summer elaine and drunk dori,previously missing,3.0,match
Sunday Afternoon 2 @138,,2,sunday afternoon,sunday afternoon,previously missing,2.0,match
Superfan 17,Eulogy For A Rock Band,17,superfan,superfan,Different,17.0,match
Superfan 18,Eulogy For A Rock Band,18,superfan,superfan,Different,18.0,match
Superfan 18 1,Eulogy For A Rock Band,18,superfan,superfan,Different,18.0,match
Superfan 20,Eulogy For A Rock Band,20,superfan,superfan,Different,20.0,match
Supergirl - v2,Gravity Will Bring You Down,2,supergirl,supergirl,Different,2.0,match
Superman 3,Superman,3,superman,superman,Match,3.0,match
Superstars 29,Eulogy For A Rock Band,29,superstars,superstars,Different,29.0,match
Superstars 31,Eulogy For A Rock Band,31,superstars,superstars,Different,31.0,match
Sweet Love 2 2,Sweet Love,2,sweet love,sweet love,Match,2.0,match
Sweet Love 3,,3,sweet love,sweet love,previously missing,3.0,match
That's All I Ask 3 @128,Two Broken Hearts,3,that's all i ask,that's all i ask,Different,3.0,match
The Ballad Of St. George - v9,The Ballad of St. George,9,the ballad of st. george,the ballad of st. george,Match,9.0,match
The Band We Loved The Most 3,Eulogy For A Rock Band,3,the band we loved the most,the band we loved the most,Different,3.0,match
The Band We Loved The Most 4,Eulogy For A Rock Band,4,the band we loved the most,the band we loved the most,Different,4.0,match
The Band We Loved The Most 5,Eulogy For A Rock Band,5,the band we loved the most,the band we loved the most,Different,5.0,match
The Band We Loved The Most 6,Eulogy For A Rock Band,6,the band we loved the most,the band we loved the most,Different,6.0,match
The Beach Boys 3 @85,,3,the beach boys,the beach boys,previously missing,3.0,match
The Bells In My Head 3 @115,,3,the bells in my head,the bells in my head,previously missing,3.0,match
The Best of Me - v10,The Best of Me,10,the best of me,the best of me,Match,10.0,match
The Best of Me - v14 crazy str,The Best of Me,14,the best of me,the best of me,Match,14.0,match
The Best of Me - v5,The Best of Me,5,the best of me,the best of me,Match,5.0,match
The Best Of Me - v6,The Best of Me,6,the best of me,the best of me,Match,6.0,match
The Best of Me - v7,The Best of Me,7,the best of me,the best of me,Match,7.0,match
The Best of Me - v9,The Best of Me,9,the best of me,the best of me,Match,9.0,match
The Best of Me - v9 2,The Best of Me,9,the best of me,the best of me,Match,9.0,match
The Best of Me 15 normal,The Best of Me,15,the best of me,the best of me,Match,15.0,match
The Best Thing In Life 13,The Best Thing In Life,13,the best thing in life,the best thing in life,Match,13.0,match
The Best Things In Life Are Free 1,The Best Thing In Life,1,the best things in life are free,the best things in life are free,Different,1.0,match
The Best Things In Life Are Free 11,The Best Thing In Life,1,the best things in life are free,the best things in life are free,Different,11.0,Different
The British Are Coming - v1,The British Are Coming,1,the british are coming,the british are coming,Match,1.0,match
The British Are Coming - v10,The British Are Coming,10,the british are coming,the british are coming,Match,10.0,match
The British Are Coming - v11,The British Are Coming,11,the british are coming,the british are coming,Match,11.0,match
The British Are Coming - v12,The British Are Coming,12,the british are coming,the british are coming,Match,12.0,match
The British Are Coming - v13,The British Are Coming,13,the british are coming,the british are coming,Match,13.0,match
The British Are Coming - v13 2,The British Are Coming,13,the british are coming,the british are coming,Match,13.0,match
The British Are Coming - v14,The British Are Coming,14,the british are coming,the british are coming,Match,14.0,match
The British Are Coming - v15,The British Are Coming,15,the british are coming,the british are coming,Match,15.0,match
The British Are Coming - v16,The British Are Coming,16,the british are coming,the british are coming,Match,16.0,match
The British Are Coming - v17,The British Are Coming,17,the british are coming,the british are coming,Match,17.0,match
The British Are Coming - v18,The British Are Coming,18,the british are coming,the british are coming,Match,18.0,match
The British Are Coming - v23 No B,The British Are Coming,23,the british are coming,the british are coming,Match,23.0,match
The British Are Coming - v3,The British Are Coming,3,the british are coming,the british are coming,Match,3.0,match
The British Are Coming - v30,The British Are Coming,30,the british are coming,the british are coming,Match,30.0,match
The British Are Coming - v31,The British Are Coming,31,the british are coming,the british are coming,Match,31.0,match
The British Are Coming - v32,The British Are Coming,32,the british are coming,the british are coming,Match,32.0,match
The British Are Coming - v33,The British Are Coming,33,the british are coming,the british are coming,Match,33.0,match
The British Are Coming - v34,The British Are Coming,34,the british are coming,the british are coming,Match,34.0,match
The British Are Coming - v35,The British Are Coming,35,the british are coming,the british are coming,Match,35.0,match
The British Are Coming - v36,The British Are Coming,36,the british are coming,the british are coming,Match,36.0,match
The British Are Coming - v37,The British Are Coming,37,the british are coming,the british are coming,Match,37.0,match
The British Are Coming - v38,The British Are Coming,38,the british are coming,the british are coming,Match,38.0,match
The British Are Coming - v4,The British Are Coming,4,the british are coming,the british are coming,Match,4.0,match
The British Are Coming - v40 Sons Of Liberty,The British Are Coming,40,the british are coming,the british are coming,Match,40.0,match
The British Are Coming - v41 Son Of Liberty,The British Are Coming,41,the british are coming,the british are coming,Match,41.0,match
The British Are Coming - v42 - vBurning My Books,The British Are Coming,42,the british are coming,the british are coming,Match,42.0,match
The British Are Coming - v43 Burni,The British Are Coming,43,the british are coming,the british are coming,Match,43.0,match
The British Are Coming - v44 Band,The British Are Coming,44,the british are coming,the british are coming,Match,44.0,match
The British Are Coming - v45 Dumpi,The British Are Coming,45,the british are coming,the british are coming,Match,45.0,match
The British Are Coming - v46 - vStra,The British Are Coming,46,the british are coming,the british are coming,Match,46.0,match
The British Are Coming - v47,The British Are Coming,47,the british are coming,the british are coming,Match,47.0,match
The British Are Coming - v48,The British Are Coming,48,the british are coming,the british are coming,Match,48.0,match
The British Are Coming - v49,The British Are Coming,49,the british are coming,the british are coming,Match,49.0,match
The British Are Coming - v50,The British Are Coming,50,the british are coming,the british are coming,Match,50.0,match
The British Are Coming - v6,The British Are Coming,6,the british are coming,the british are coming,Match,6.0,match
The British Are Coming - v7,The British Are Coming,7,the british are coming,the british are coming,Match,7.0,match
The British Are Coming - v8,The British Are Coming,8,the british are coming,the british are coming,Match,8.0,match
The Crazy Impossible Days - v4,The Crazy Impossible Days,4,the crazy impossible days,the crazy impossible days,Match,4.0,match
The Gift Of Gab - v10,The Gift Of Gab,10,the gift of gab,the gift of gab,Match,10.0,match
The Gift Of Gab - v11,The Gift Of Gab,11,the gift of gab,the gift of gab,Match,11.0,match
The Gift Of Gab - v4,The Gift Of Gab,4,the gift of gab,the gift of gab,Match,4.0,match
The Gift Of Gab - v5,The Gift Of Gab,5,the gift of gab,the gift of gab,Match,5.0,match
The Gift Of Gab - v7,The Gift Of Gab,7,the gift of gab,the gift of gab,Match,7.0,match
The Good News Channel - v1,The Good News Channel,1,the good news channel,the good news channel,Match,1.0,match
The Good News Channel - v2,The Good News Channel,2,the good news channel,the good news channel,Match,2.0,match
The Good News Channel - v3,The Good News Channel,3,the good news channel,the good news channel,Match,3.0,match
The Good News Channel - v4,The Good News Channel,4,the good news channel,the good news channel,Match,4.0,match
The Good News Channel - v5,The Good News Channel,5,the good news channel,the good news channel,Match,5.0,match
The Ivory Telephone - v1,The Ivory Telephone,1,the ivory telephone,the ivory telephone,Match,1.0,match
The Ivory Telephone - v10,The Ivory Telephone,10,the ivory telephone,the ivory telephone,Match,10.0,match
The Ivory Telephone - v4,The Ivory Telephone,4,the ivory telephone,the ivory telephone,Match,4.0,match
The Ivory Telephone - v5,The Ivory Telephone,5,the ivory telephone,the ivory telephone,Match,5.0,match
The Ivory Telephone - v6,The Ivory Telephone,6,the ivory telephone,the ivory telephone,Match,6.0,match
The Ivory Telephone - v7,The Ivory Telephone,7,the ivory telephone,the ivory telephone,Match,7.0,match
The Ivory Telephone - v8,The Ivory Telephone,8,the ivory telephone,the ivory telephone,Match,8.0,match
The Ivory Telephone - v9,The Ivory Telephone,9,the ivory telephone,the ivory telephone,Match,9.0,match
The Key To My Heart 2 AL @73,J is for Joy,2,the key to my heart,the key to my heart,Different,2.0,match
The Rules Of Life - v12,The Rules of Life,12,the rules of life,the rules of life,Match,12.0,match
The Rules Of Life - v14,The Rules of Life,14,the rules of life,the rules of life,Match,14.0,match
The Rules Of Life - v15,The Rules of Life,15,the rules of life,the rules of life,Match,15.0,match
The Rules Of Life - v16,The Rules of Life,16,the rules of life,the rules of life,Match,16.0,match
The Rules Of Life - v17,The Rules of Life,17,the rules of life,the rules of life,Match,17.0,match
The Rules Of Life - v18,The Rules of Life,18,the rules of life,the rules of life,Match,18.0,match
The Rules Of Life - v19,The Rules of Life,19,the rules of life,the rules of life,Match,19.0,match
The Rules Of Life - v19 1,The Rules of Life,19,the rules of life,the rules of life,Match,19.0,match
The Rules Of Life - v21 - vPres,The Rules of Life,21,the rules of life,the rules of life,Match,21.0,match
The Rules Of Life - v22,The Rules of Life,22,the rules of life,the rules of life,Match,22.0,match
The Rules Of Life - v23,The Rules of Life,23,the rules of life,the rules of life,Match,23.0,match
The Rules Of Life - v24,The Rules of Life,24,the rules of life,the rules of life,Match,24.0,match
The Rules Of Life - v25,The Rules of Life,25,the rules of life,the rules of life,Match,25.0,match
The Rules Of Life - v26,The Rules of Life,26,the rules of life,the rules of life,Match,26.0,match
The Rules Of Life - v27,The Rules of Life,27,the rules of life,the rules of life,Match,27.0,match
The Rules Of Life - v28 - vTo Par,The Rules of Life,28,the rules of life,the rules of life,Match,28.0,match
The Rules Of Life - v29,The Rules of Life,29,the rules of life,the rules of life,Match,29.0,match
The Rules Of Life - v31 - vS,The Rules of Life,31,the rules of life,the rules of life,Match,31.0,match
The Rules Of Life - v32,The Rules of Life,32,the rules of life,the rules of life,Match,32.0,match
The Rules Of Life - v32 1,The Rules of Life,32,the rules of life,the rules of life,Match,32.0,match
The Rules Of Life - v33,The Rules of Life,33,the rules of life,the rules of life,Match,33.0,match
The Rules Of Life - v35 Adolf,The Rules of Life,35,the rules of life,the rules of life,Match,35.0,match
The Rules Of Life - v36,The Rules of Life,36,the rules of life,the rules of life,Match,36.0,match
The Rules Of Life - v37,The Rules of Life,37,the rules of life,the rules of life,Match,37.0,match
The Rules Of Life - v38,The Rules of Life,38,the rules of life,the rules of life,Match,38.0,match
The Rules Of Life - v39 2,The Rules of Life,39,the rules of life,the rules of life,Match,39.0,match
The Rules Of Life - v41,The Rules of Life,41,the rules of life,the rules of life,Match,41.0,match
The Rules Of Life - v44,The Rules of Life,44,the rules of life,the rules of life,Match,44.0,match
The Rules Of Life - v45,The Rules of Life,45,the rules of life,the rules of life,Match,45.0,match
The Rules Of Life - v46,The Rules of Life,46,the rules of life,the rules of life,Match,46.0,match
The Rules Of Life - v5,The Rules of Life,5,the rules of life,the rules of life,Match,5.0,match
The Rules Of Life - v7,The Rules of Life,7,the rules of life,the rules of life,Match,7.0,match
The Rules of Life 6,The Rules of Life,6,the rules of life,the rules of life,Match,6.0,match
The Summer Of Love 2 @131,The Summer of Love,2,the summer of love,the summer of love,Match,2.0,match
The Tower of Babel - v2,The Tower of Babel,2,the tower of babel,the tower of babel,Match,2.0,match
The Tower Of Babel - v3 / The Waste Land,The Tower of Babel / The Waste Land,3,the tower of babel,the tower of babel,Different,3.0,match
The Tower Of Babel - v5,The Tower of Babel,5,the tower of babel,the tower of babel,Match,5.0,match
The Tower Of Babel - v6,The Tower of Babel,6,the tower of babel,the tower of babel,Match,6.0,match
The Tower Of Babel - v6 1,The Tower of Babel,6,the tower of babel,the tower of babel,Match,6.0,match
The Tower Of Babel - v6 2,The Tower of Babel,6,the tower of babel,the tower of babel,Match,6.0,match
The Tower Of Babel - v7,The Tower of Babel,7,the tower of babel,the tower of babel,Match,7.0,match
The Tower Of Babel - v7 1,The Tower of Babel,7,the tower of babel,the tower of babel,Match,7.0,match
The Trouble With Trouble 1 @81 -5 BF 8,,1,the trouble with trouble,the trouble with trouble,previously missing,1.0,match
The Unofficials - v3,The Unofficials,3,the unofficials,the unofficials,Match,3.0,match
The Unofficials - v4,The Unofficials,4,the unofficials,the unofficials,Match,4.0,match
The Unofficials - v5 2,The Unofficials,5,the unofficials,the unofficials,Match,5.0,match
The Waste Land - v2,The Waste Land,2,the waste land,the waste land,Match,2.0,match
The Waste Land - v3,The Waste Land,3,the waste land,the waste land,Match,3.0,match
The Waste Land - v3 1,The Waste Land,3,the waste land,the waste land,Match,3.0,match
The Waste Land - v4,The Waste Land,4,the waste land,the waste land,Match,4.0,match
The Waste Land - v5,The Waste Land,5,the waste land,the waste land,Match,5.0,match
The Waste Land - v5 2,The Waste Land,5,the waste land,the waste land,Match,5.0,match
The Waste Land - v6,The Waste Land,6,the waste land,the waste land,Match,6.0,match
The Waste Land - v9,The Waste Land,9,the waste land,the waste land,Match,9.0,match
There's Good News And Bad News 2 @,Last Days of Summer,2,there's good news and bad news,there's good news and bad news,Different,2.0,match
There's Good News And Bad News 4 n,Last Days of Summer,4,there's good news and bad news,there's good news and bad news,Different,4.0,match
Thunderbolt 5,,5,thunderbolt,thunderbolt,previously missing,5.0,match
Today I Do 3 @97 -2,I See Colors,3,today i do,today i do,Different,3.0,match
Too Good For Me - v2,Too Good For Me,2,too good for me,too good for me,Match,2.0,match
Too Good For Me - v3,Too Good For Me,3,too good for me,too good for me,Match,3.0,match
Too Good For Me - v3 1,Too Good For Me,3,too good for me,too good for me,Match,3.0,match
Too Good For Me - v3 2,Too Good For Me,3,too good for me,too good for me,Match,3.0,match
Too Good For Me - v3 point 2,,3,too good for me,too good for me,previously missing,3.0,match
Too Good For Me 3 point 2,Too Good For Me,3,too good for me,too good for me,Match,3.0,match
Too Many Thoughts In My Head 3 @126 +4,Too Many Thoughts in My Head,3,too many thoughts in my head,too many thoughts in my head,Match,3.0,match
Too Many Thoughts In My Head 4 @126 +4,Too Many Thoughts in My Head,4,too many thoughts in my head,too many thoughts in my head,Match,4.0,match
Too Many Thoughts In My Head 4 noc3 @126 +4,Too Many Thoughts in My Head,4,too many thoughts in my head,too many thoughts in my head,Match,4.0,match
Too Many Thoughts In My Head 5 @126 +4,Too Many Thoughts in My Head,5,too many thoughts in my head,too many thoughts in my head,Match,5.0,match
Too Many Thoughts In My Head 9 personal @126 +4,Too Many Thoughts in My Head,9,too many thoughts in my head,too many thoughts in my head,Match,9.0,match
Two Broken Hearts 11 bein drums @132 -5,Two Broken Hearts,11,two broken hearts,two broken hearts,Match,11.0,match
Two Broken Hearts 3 @132 -5,Two Broken Hearts,3,two broken hearts,two broken hearts,Match,3.0,match
Two Broken Hearts 4 drums @132 -5,Two Broken Hearts,4,two broken hearts,two broken hearts,Match,4.0,match
Two Broken Hearts 5 @132 -5,Two Broken Hearts,5,two broken hearts,two broken hearts,Match,5.0,match
Two Broken Hearts 5 more bgv @132 -5,Two Broken Hearts,5,two broken hearts,two broken hearts,Match,5.0,match
Two Broken Hearts 6 bass @132 -5,Two Broken Hearts,6,two broken hearts,two broken hearts,Match,6.0,match
Two Broken Hearts 9 alt p3 lyrics @132 -5,Two Broken Hearts,9,two broken hearts,two broken hearts,Match,9.0,match
Up In A Cloud - v23 Demo For Guys,Up In The Clouds,23,up in a cloud,up in a cloud,Different,23.0,match
Up In A Cloud - v24 Instrumental F,Up In The Clouds,24,up in a cloud,up in a cloud,Different,24.0,match
Up In The Clouds - v26,Up In The Clouds,26,up in the clouds,up in the clouds,Match,26.0,match
Up In The Clouds - v26 1,Up In The Clouds,26,up in the clouds,up in the clouds,Match,26.0,match
Up In The Clouds - v29,Up In The Clouds,29,up in the clouds,up in the clouds,Match,29.0,match
Up In The Clouds - v30,Up In The Clouds,30,up in the clouds,up in the clouds,Match,30.0,match
Up In the Clouds - v31,Up In The Clouds,31,up in the clouds,up in the clouds,Match,31.0,match
Up In The Clouds 32,Up in the Clouds,32,up in the clouds,up in the clouds,Match,32.0,match
Volunteers - v10,Beginning of the End,10,volunteers,volunteers,Different,10.0,match
Volunteers - v2,Beginning of the End,2,volunteers,volunteers,Different,2.0,match
Wagamama - v1,Wagamama,1,wagamama,wagamama,Match,1.0,match
Wagamama - v2,Wagamama,2,wagamama,wagamama,Match,2.0,match
Wagamama - v3,Wagamama,3,wagamama,wagamama,Match,3.0,match
Wagamama - v4,Wagamama,4,wagamama,wagamama,Match,4.0,match
Wagamama - v5,,5,wagamama,wagamama,previously missing,5.0,match
Wagamama 5,Wagamama,5,wagamama,wagamama,Match,5.0,match
Watermelon 1 AW @120 +2,,1,watermelon,watermelon,previously missing,1.0,match
We Are All We have 1 AR @74,Friend of a Friend,1,we are all we have,we are all we have,Different,1.0,match
We Are All We Have 3 stretch chorus @ 76,,3,we are all we have,we are all we have,previously missing,3.0,match
We Are All We Have 4 stretch chorus @ 74 +1,Friend of a Friend,4,we are all we have,we are all we have,Different,4.0,match
We Are All We Have 5 verse melo @76 +1,,5,we are all we have,we are all we have,previously missing,5.0,match
We Are All We Have 7 vocals @76 +1 20 bars,,7,we are all we have,we are all we have,previously missing,7.0,match
We Are Fighters 4,We Are Fighters,4,we are fighters,we are fighters,Match,4.0,match
We Are Fighters 5,We Are Fighters,5,we are fighters,we are fighters,Match,5.0,match
We Are Fighters 7 instrumental,,7,we are fighters,we are fighters,previously missing,7.0,match
We Are The Indians - v5,We Are The Indians,5,we are the indians,we are the indians,Match,5.0,match
We Are The Indians - v6,We Are The Indians,6,we are the indians,we are the indians,Match,6.0,match
We Are The Indians - v7,Do You Wanna Get High,7,we are the indians,we are the indians,Different,7.0,match
We Gotta Get Paid 4,We Gotta Get Paid,4,we gotta get paid,we gotta get paid,Match,4.0,match
Wedlock 4,,4,wedlock,wedlock,previously missing,4.0,match
Weekend Girl - v2,Weekend Woman,2,weekend girl,weekend girl,Different,2.0,match
Weekend Girl 3,Weekend Woman,3,weekend girl,weekend girl,Different,3.0,match
Weekend Girl 4 half time @66.5,Weekend Woman,4,weekend girl,weekend girl,Different,4.0,match
We're Gonna Get Paid 4,We Gotta Get Paid,4,we're gonna get paid,we're gonna get paid,Different,4.0,match
What The Hell 1,What The Hell,1,what the hell,what the hell,Match,1.0,match
What The Hell 3,What The Hell,3,what the hell,what the hell,Match,3.0,match
What You Wanna Be 6,What You Wanna Be,6,what you wanna be,what you wanna be,Match,6.0,match
What's Up With Me v2 - pro sketch,What's Up With Me,2,what's up with me,what's up with me,Match,2.0,match
where did your heart go 1,Lost And Found,1,where did your heart go,where did your heart go,Different,1.0,match
where did your heart go 2,Lost And Found,2,where did your heart go,where did your heart go,Different,2.0,match
Where Did Your Heart Go 6,Lost And Found,6,where did your heart go,where did your heart go,Different,6.0,match
Where Do All The Kids Hang Out 2 @85,,2,where do all the kids hang out,where do all the kids hang out,previously missing,2.0,match
Where Do All The Kids Hang Out 3 @85,,3,where do all the kids hang out,where do all the kids hang out,previously missing,3.0,match
Where Do All The Kids Hang Out 4 verse melody @85,,4,where do all the kids hang out,where do all the kids hang out,previously missing,4.0,match
Where Do All The Kids Hang Out 5 in B @85,,5,where do all the kids hang out,where do all the kids hang out,previously missing,5.0,match
Where Do All The Kids Hang Out 6 chorus fix @85,,6,where do all the kids hang out,where do all the kids hang out,previously missing,6.0,match
Why Am I Getting So Upset - v4,Why Am I Getting So Upset,4,why am i getting so upset,why am i getting so upset,Match,4.0,match
Why Am I Getting So Upset 11,Why Am I Getting So Upset,11,why am i getting so upset,why am i getting so upset,Match,11.0,match
Why Am I Getting So Upset 11 2,Why Am I Getting So Upset,11,why am i getting so upset,why am i getting so upset,Match,11.0,match
Why Am I Getting So Upset 8 og,Why Am I Getting So Upset,8,why am i getting so upset,why am i getting so upset,Match,8.0,match
why can't you be there 3,Why Can't You Be There,3,why can't you be there,why can't you be there,Match,3.0,match
Why Do We Hurt Each Other 2,Why Do We Hurt Each Other,2,why do we hurt each other,why do we hurt each other,Match,2.0,match
Why Won't You Love Me - v13 easy @67,Why Won't You Love Me,13,why won't you love me,why won't you love me,Match,13.0,match
Why Won't You Love Me - v3 - v@120,Why Won't You Love Me,3,why won't you love me,why won't you love me,Match,3.0,match
Why Won't You Love Me - v4 @ 130,Why Won't You Love Me,4,why won't you love me,why won't you love me,Match,4.0,match
Why Won't You Love Me - v5 same chord,Why Won't You Love Me,5,why won't you love me,why won't you love me,Match,5.0,match
Why Won't You Love Me 14 drumless @67,Why Won't You Love Me,14,why won't you love me,why won't you love me,Match,14.0,match
Why Won't You Love Me 7 new melod,Why Won't You Love Me,7,why won't you love me,why won't you love me,Match,7.0,match
Why Won't You Love Me 8 OG melody,Why Won't You Love Me,8,why won't you love me,why won't you love me,Match,8.0,match
Wild Animals 4,,4,wild animals,wild animals,previously missing,4.0,match
Working Man - v3,Working Man,3,working man,working man,Match,3.0,match
You And Me Together 2013,Prom Night,20,you and me together,you and me together,Different,2013.0,Different
You Came To Get Some 2,You Came to Get Some,2,you came to get some,you came to get some,Match,2.0,match
You Could Take Me Anywhere 10,Friend of a Friend,10,you could take me anywhere,you could take me anywhere,Different,10.0,match
You Could Take Me Anywhere 8,Friend of a Friend,8,you could take me anywhere,you could take me anywhere,Different,8.0,match
You Could Take Me Anywhere 9,Friend of a Friend,9,you could take me anywhere,you could take me anywhere,Different,9.0,match
You Don't Have To Be Perfect For Me 3 @70,,3,you don't have to be perfect for me,you don't have to be perfect for me,previously missing,3.0,match
You Don't Have To Be Perfect For Me 4 @70 hip hop,,4,you don't have to be perfect for me,you don't have to be perfect for me,previously missing,4.0,match
You Make Me Believe In God 5 @ 120,You Make Believe In God,5,you make me believe in god,you make me believe in god,Different,5.0,match
You Make Me Believe In God 6 @122,You Make Believe In God,6,you make me believe in god,you make me believe in god,Different,6.0,match
You Make Me Believe In God 7 @122,You Make Believe In God,7,you make me believe in god,you make me believe in god,Different,7.0,match
You Were Right here All Along 4,,4,you were right here all along,you were right here all along,previously missing,4.0,match
You're Beautiful To Me - v10,You're Beautiful To Me,10,you're beautiful to me,you're beautiful to me,Match,10.0,match
You're Beautiful To me 11,You're Beautiful To Me,11,you're beautiful to me,you're beautiful to me,Match,11.0,match
You're Beautiful To me 12,You're Beautiful To Me,12,you're beautiful to me,you're beautiful to me,Match,12.0,match
You're Beautiful To me 14,You're Beautiful To Me,14,you're beautiful to me,you're beautiful to me,Match,14.0,match
You're Beautiful To me 6,You're Beautiful To Me,6,you're beautiful to me,you're beautiful to me,Match,6.0,match
You're Beautiful To me 7,You're Beautiful To Me,7,you're beautiful to me,you're beautiful to me,Match,7.0,match
You're Beautiful To me 8,You're Beautiful To Me,8,you're beautiful to me,you're beautiful to me,Match,8.0,match
You're Beautiful To me 9,You're Beautiful To Me,9,you're beautiful to me,you're beautiful to me,Match,9.0,match
You're Prettier Than You Think - v4,You're Prettier Than You Think,4,you're prettier than you think,you're prettier than you think,Match,4.0,match
You're Prettier Than You Think 2,You're Prettier Than You Think,2,you're prettier than you think,you're prettier than you think,Match,2.0,match
You're Prettier Than You Think 3,You're Prettier Than You Think,3,you're prettier than you think,you're prettier than you think,Match,3.0,match
????? Instrumental,?????,2,????? instrumental,????? instrumental,Different,,Different
